source_type,session,model_test,source_page,source_question_number,status,difficulty,answer_source,correct_option,topic_tags,validation_issues,question_text,options_json
previous_year,,,7,59,draft,easy,needs_review,,,missing-or-unreadable-options|missing-correct-answer|ocr-review-required|answer-needs-review,ঘাস ফড়িং-এর উদরে কত জোড়া শ্বাসরস্ধ থাকে?,[]
previous_year,,,7,56,draft,easy,needs_review,,cell-biology|zoology,missing-or-unreadable-options|missing-correct-answer|ocr-review-required|answer-needs-review,হাইদ্রার কোন নেমাটোসিস্টে হিপনোটসক্সিন থাকে? 0১10 জোড়া ©) 08 জোড়া (এ) ভলভেন্ট efits (©) 6 cart @ 12 জোড়া (9 স্টেরিওযুটিন্যান্ট (৫) স্ট্রেপটোলিন PTs 60. রুই মাছের হৃৎপিগু কয় প্রকোষ্ঠ বিশিষ্ট?,[]
previous_year,,,7,57,draft,medium,needs_review,,zoology,missing-or-unreadable-options|missing-correct-answer|ocr-review-required|answer-needs-review,কোন পর্বের প্রাণীর স্লায়ুতত্্র মই-এর মত? ৬6 ০১5 (2) Annelid,"[{""label"":""a"",""text"":""(8) Nematods ©4 @3 © Lied © Chordata 61. শর্করা জাতীয় খাদোর শোষণ নিয়ন্ত্রণকারী হরমোন কোনটি?""}]"
previous_year,,,7,58,draft,medium,needs_review,,zoology,missing-or-unreadable-options|missing-correct-answer|ocr-review-required|answer-needs-review,কোন পর্বের প্রাণীতে 19গ419-লার্ভা দশা দেখা যায়? (৪) Ctenophor,"[{""label"":""a"",""text"":""(৬) Echinodermat""}]"
previous_year,,,8,63,draft,easy,needs_review,,,missing-or-unreadable-options|missing-correct-answer|ocr-review-required|answer-needs-review,কোন উড়িদে ছিনিষেক দেখা যায়? 78. EE 1 সরলরেখাটি অক্ষয়ের সাথে যে ত্রিদুজ গঠন ক,"[{""label"":""a"",""text"":""Ginkgo""},{""label"":""b"",""text"":""Gnetum তার ক্ষেত্রফল কত বর্গ একক? (9) Ephedra (৫) yeas @5 ®6 ©15 @30""}]"
previous_year,,,8,65,draft,medium,needs_review,,botany|plant-physiology,missing-or-unreadable-options|missing-correct-answer|ocr-review-required|answer-needs-review,"আবৃতবীজী উড়িদের এন্ডোস্পার্ম কোন ধরনের? 80. y= 2x + 34 1 করুরেখার (0,1) Progr Ree ঢা (@) হ্যাপররেড (৬) ডিপ্লয়েড কত? © ims (4) Chars ~ _ i ৪6. কোন উদ্ভিদের সমস্ত RTS TAS থাকে? @= On 0; 03 © Riccia 0) Preris ০০০০ (04০০০",[]
previous_year,,,8,67,draft,easy,needs_review,,cell-biology|botany|taxonomy,missing-or-unreadable-options|missing-correct-answer|ocr-review-required|answer-needs-review,হাইভাখোড দেখা যায় কোন উদ্ভিদে? 56. শ্রেণিবিন্যাসের মৌলিক ধাপ কয়টি? (4) আম-জাম © পেয়ারা-লিচ @s ৬? ©u ওযা (© জবা-ডালিম ও) কচুটমেটো 57. কোন প্রাণথীতে কোয়ানোসাইট নামক কোষ পাওয়া যায়?,[]
previous_year,,,8,0,draft,easy,needs_review,,cell-biology|botany,missing-or-unreadable-options|missing-correct-answer|ocr-review-required|answer-needs-review,পাতায় OF ()ম্ুলে (GTA 58. FOSS কোষের তলদেশ হতে বের হয়ে ক্যাপসুলের সার,[]
previous_year,,,8,69,draft,easy,needs_review,,cell-biology|zoology,missing-or-unreadable-options|missing-correct-answer|ocr-review-required|answer-needs-review,22 বর্ণ ম্যাটরিজের a - [১11] | 1* || হলে নিচের সন প্যাঁচানো সুতার ন্যায় কে বলা হয়- এর]; 151 (@) নেমাটোসিস্ট (৬) নিজোসিল কোনটি সত্য? হ ৩) ন্যাসো (@ স্টেনোটিল @G 3) ৬0 DGD OC 2) | 59. ব্রিজ্জীপ্রাণীরকোনভণীয়অবস্থায়তিনটি কোষীয় fom,[]
previous_year,,,8,74,draft,easy,needs_review,,genetics|zoology|human-physiology,missing-or-unreadable-options|missing-correct-answer|ocr-review-required|answer-needs-review,"কোন বিন্দুতে BIS ? ও 258 মানের দুইটি বলের লন্ধি | এ) আযামাইনো এসিড 0) ট্রিপসিন 20N, TP বলের দিকের সাথে সমকোণ উৎপন্ন করে। P- এর (© আ্যাষাইনোট্রিপসিন @ crm মানকত? 64. কোন মাছের দেহত্বকে প্লাকয়েড আঁইশ থাকে? (৪) 10 (8) 20N ৩) 25N (0) 1510 (®) dnabus 0) Latimaria _ a এবং . (©) Labeo (4) Scoliodon Te ""1 ET HB | 65, রুইমাছের হথলিশকে oT: 5 ড় (৬) 0; যুক্ত/০০ মুক্ত রক্ত থাকে @0 ®3 ©1 @-3 ®) 0; রিক্ত/০০ যুক্ত রক্ত থাকে",[]
previous_year,,,12,60,draft,easy,needs_review,,cell-biology|zoology,missing-or-unreadable-options|missing-correct-answer|ocr-review-required|answer-needs-review,"সমাধান: (৫); আযাট্রয়াম, SET ও সাইনাস ভেনোসাস শ64+56শ 2. wa=10 ওষ্যাস শু 2"" 20 নামক তিনটি প্রকোষ্ঠ রয়েছে রুই মাছের wee) তবে | 72- সমাধান:","[{""label"":""a"",""text"":""; প্রশ্নমতে, ৪ এর অবস্থান ১ম চতুর্তাগে। প্রকৃতপক্ষে রুই মাছের হৃৎপিণ্ড দুই প্রকোষ্ঠ বিশিষ্ট। সাইনাস ৬৬৫৪০১০০০৪৩ তই; sing =; seco = 22 ভেনোসাস একটি উপ-গ্রকোষ্ঠ। JELLIES. SEL)""}]"
previous_year,,,12,65,draft,easy,needs_review,,botany|plant-physiology,missing-or-unreadable-options|missing-correct-answer|ocr-review-required|answer-needs-review,সমাধান: (9; আবৃতবীজী উদ্ভিদের এন্ডোস্পার্ম Dus ধরনের। অপরদিকে AA উদ্ভিদের এন্ডোস্পার্ম হ্যাপ্লয়েড। | 74. সমাধান: (৫); 2,[]
previous_year,,,12,66,draft,easy,needs_review,,,missing-or-unreadable-options|missing-correct-answer|ocr-review-required|answer-needs-review,TANI,"[{""label"":""a"",""text"":""; সবুজ শৈবাল, Riceia, Marchantia= এর মতো ATCT ব্রায়োফাইটস এর সমগ্র দেহেই ক্লোরোপ্লাস্ট থাকে। ৩৪. সমাধান:""}]"
previous_year,,,18,60,draft,easy,needs_review,,botany,missing-or-unreadable-options|missing-correct-answer|ocr-review-required|answer-needs-review,"কোন উদ্ভিদে aon TET বান্ডল থাকে না? চা তা একটি কাল্পনিক ঘনসূল হয়, তবে OM mE © (4)কলাবতী Le Ww 1 | =",[]
previous_year,,,18,61,draft,easy,needs_review,,cell-biology,missing-or-unreadable-options|missing-correct-answer|ocr-review-required|answer-needs-review,"ফড়িং-এর ওমাটিডিয়ামে অবস্থিত আইট্রালি কোষের সংখ্যা ০ -৬ কত? রে mz ০৪ @-+ লতি (১3টি ©4F (৪6টি Bo চা ল২, x অক্ষ, x=0 এবং x=3 দ্বারা আবদ্ধ ক্ষেত্রের",[]
previous_year,,,18,62,draft,hard,needs_review,,human-physiology,missing-or-unreadable-options|missing-correct-answer|ocr-review-required|answer-needs-review,"মানুষের রক্তে রক্তকণিকা ও রক্তরসের অনুপাত কত? oa কত বর্গ একক? খে চড় © @u Gr, টো) 08 @9",[]
previous_year,,,18,63,draft,easy,needs_review,,zoology,missing-or-unreadable-options|missing-correct-answer|ocr-review-required|answer-needs-review,"কোন প্রাণীতে লার্তা দশায় নটোকর্ড থাকে? 74. ডগা» ? অধিবৃত্তের উৎকেন্দ্রিকতা হবে- @) Branchiostoma (©) dscidia ®2 দঃ © ও: (©) Mine @ Pristis 75, limes -?",[]
previous_year,,,18,64,draft,hard,needs_review,,genetics,missing-or-unreadable-options|missing-correct-answer|ocr-review-required|answer-needs-review,"SIT SIO কোন তর থেকে শুল্রাশয় fw |, + তৈরি হয়? নে ৬২ ও @1 (© এপিমেয়ার ® মেসোমেয়ার 76 y= আধা তেই হলে গত? © এন্ডোমেয়ার (4) হাইপোমেয়ার Ol ভেড়ার শুয়ে ভেতর 65 ১ Faw - hh হয? 77, (0,0).00,0) এবং (3,3) বিন্দু তিনটি সমরেখ হলে pt + ৭7 এর মান হবে- (©) পরিপুরক জিদ (4) সেক্সলিংকড জিন @o ৬: রঃ",[]
previous_year,,,18,66,draft,easy,needs_review,,zoology,missing-or-unreadable-options|missing-correct-answer|ocr-review-required|answer-needs-review,রুই মাছে বায়ু থলির সম্মুখ প্রকো্ঠটি কোন নালী দ্বারা অন্ননালির 3 © @1 Ta fd? (৪) নিউমেটিক ভেসেল (©) নিউমেটিক ডা্ট @2 ®1 [CH @o (9) নিউমেটিক ভেইন (© নিউমেটিক স্যাক 79. 1- খন মুলবিশিষ্ট দিঘাত সমীকরণ কোনটি?,[]
previous_year,,,18,67,draft,easy,needs_review,,botany,missing-or-unreadable-options|missing-correct-answer|ocr-review-required|answer-needs-review,দিবীজপরী উড্িদের পাতার শিরাবিন্যাস কি ধরনের? @F-2-4=0 চ)১১২--2২++০০ (৯) সমান্তরাল © বৃত্তাকার ©F+2A—4=0 )%+2+4-0 (এ রৈখিক (4) জালিকাকার 8০. 2x2 বর্গ www ০/- [১10] ; 1 ₹! হলে নিচের 8৪. পরিণত জাইলেম টিস্যুর সজীব উপাদান কোনটি? JI : Wf ০) From ও 5) 3 5 4 5 6 4 (©) ভেসেল (৫) প্যারেনকাইমা of) ০60259859৩6 3 ডা ছেটে ও ৬ পদিব্জলমগভারে নব পক্ষ...,[]
previous_year,,,19,71,draft,easy,needs_review,,cell-biology|botany,missing-or-unreadable-options|missing-correct-answer|ocr-review-required|answer-needs-review,হাইডার দেহপ্রাচীরের কোন তরে পুষ্টিকোষ পাওয়া যায়? ৩6. কোন ইমিউনো গ্লোবিউলিন wow প্লাসেন্টা অতিক্রম করে | (৭) এপিডার্মিস iad বাচ্চার শরীরে প্রবেশ করে? (9) এট্টোডার্মিস (4) creat (© 1gM ৬১৪৪ ©BA (0)186 72. কোন উদ্ভিদের কাণ্ড বদ্ধ ভাস্কুলার বান্ডল দেখা যায়?,[]
previous_year,,,19,57,draft,easy,needs_review,,genetics|botany|zoology,missing-or-unreadable-options|missing-correct-answer|ocr-review-required|answer-needs-review,কোন উড়িদের ফুলের নাম পুষ্পিকা? (৭) হরিতকি (8) কসমস (০) ডালিয়া (৫)গম GT GA (০) কাঁঠাল (৫) মটরভুটি | 73. কোন প্রাণীর গণ ও প্রজাতি নাম একই হলে তাকে বলা হয়- ৩8. কোন মাছের দেহতবক গ্যানয়েড আঁইশ দ্বারা আবৃত থাকে? (2) টটোনিম (৬) সিনোনিম o Portis o Splyrna (9) এ্যানটোনিম (৫) টটিপোটটেন্ট ©) La abs,[]
previous_year,,,19,5,draft,medium,needs_review,,,missing-or-unreadable-options|missing-correct-answer|ocr-review-required|answer-needs-review,fee কোন Sa: পাওয়ায়? mr. mE ()শাপলা-পদ্য ০) আযালানটয়েস (৮) কোরিওন wg ও) ধান-ধনিয়া (©) mR (4) কোরিওনিক fom 6০. ফোষ বিভাজনের কোন পর্যায়ে সিন্যাপসিস ঘটে? 75. লিখল জিমের কারণে কোন GH হয়? (© Rowan (0) প্যাকাইটিন (@) থ্যালাসেমিয়া Ade ৩) লেপ্টোটিন (4) জাইগোটিন (৮) বর্ণাস্মতা ও রাতকানা,[]
previous_year,,,19,61,draft,easy,needs_review,,botany|human-physiology,missing-or-unreadable-options|missing-correct-answer|ocr-review-required|answer-needs-review,মানবদেহের পাকস্থলিতে কোন খাদ্য পরিপাক হয়না? (© ছিমোফিলিয়া ও থ্যালাসেমিয়া (8) প্রোটিন (৮) কার্বোহাইড্রেট (৫) রাতকানা ও হিমোফিলিয়া (৩) লিপিড (4) ভিটামিন 76. fr দেখা যায় উদ্ভিদের কোন গোর?,[]
previous_year,,,19,62,draft,easy,needs_review,,,missing-or-unreadable-options|missing-correct-answer|ocr-review-required|answer-needs-review,ক্যারিওপসিস কোন গোত্রের বৈশিষ্ট্য? © Asteraceae (8) 7০৯০০%০,"[{""label"":""a"",""text"":""Malvaceae""},{""label"":""b"",""text"":""Solanaceae (9) Polygonaceae (৫) Solanaceae (9) Poaceae (0) Liliaceae 77. WE মাছের ফুলকার প্রতি সারি ল্যামেলাকে বলা হয়-""}]"
previous_year,,,19,63,draft,easy,needs_review,,cell-biology|zoology|human-physiology,missing-or-unreadable-options|missing-correct-answer|ocr-review-required|answer-needs-review,কোন প্রাণীর রেচন অঙ্গের নাম শিখা কোষ? (9) হলোত্রাহ্ক 18) সিউডোব্রা্ক Fasisa © Octopus ৩৩) হোমোত্রাঙ্ক (9) afters ©) Ascaris Hirudo,[]
previous_year,,,19,64,draft,easy,needs_review,,botany,missing-or-unreadable-options|missing-correct-answer|ocr-review-required|answer-needs-review,কোন উদিদের ফুল অধিগর্ভ? 7 ০ eh দেন ঢা যয = ৭) পেয়ারা OTE (9) টেড়শ (৫) ডালিম রব,[]
previous_year,,,19,65,draft,medium,needs_review,,cell-biology|botany,missing-or-unreadable-options|missing-correct-answer|ocr-review-required|answer-needs-review,কোন মেমবেন ঘারা উদ্ভিদ কোষের গল আবৃত থাকে? 79. কোন পর্বের পণীতে পিনাকোডার্ম ও কোয়ানোডার্ম নামক দুটি (© ইলায়োপলাস্ট ©) আালিউরোপ্লাস্ট কোষীয় তর থাকো? © a @ আমাইনোগ্লন্ট (9 আর্থোপোডা Oars,[]
previous_year,,,19,66,draft,easy,needs_review,,botany,missing-or-unreadable-options|missing-correct-answer|ocr-review-required|answer-needs-review,কোনটি এপিগাইনাস ফুলের উদাহরণ? (0) Fifi (4) পরিফেরা (৪) শসা ০)আলু © (৫)টমেটো | 80. কোনটি সিনোসাইটিক শৈবাল?,[]
previous_year,,,19,67,draft,easy,needs_review,,botany,missing-or-unreadable-options|missing-correct-answer|ocr-review-required|answer-needs-review,কোন উদ্ভিদের পাতা যৌগিক নয়? 6) ascheria id @OF gE (9) জাম (৫) নিম (©) Chara ও) Spirogyra,[]
previous_year,,,19,69,draft,easy,needs_review,,cell-biology,missing-or-unreadable-options|missing-correct-answer|ocr-review-required|answer-needs-review,ঘাস ফড়িং-এর হৃদ প্রকোষ্ঠের চন্দ্রাকৃতির ছিদ্রকে বলা হয়- এর মান হবে- (৪) অসকুলাম (8) অস্টিয়া @-1 ®1 ©2 @-2 (০) অস্টিওপোর (৫) অসঞ্ররাডিয়াম 5. [লা,[]
previous_year,,,19,70,draft,easy,needs_review,,cell-biology,missing-or-unreadable-options|missing-correct-answer|ocr-review-required|answer-needs-review,"ঘাস ফড়িং-এর ওমাডিয়ামে অবস্থিত কর্নিয়াজেন কোষের সংখ্যা Hex কত? ৬০0) +০ )10002+6 2"" ()3F (০4টি (6% © Wn(nx) +c (৫) কোনটিই নয় TE ETT derma se m.. [নু",[]
previous_year,,,23,70,draft,easy,needs_review,,,missing-or-unreadable-options|missing-correct-answer|ocr-review-required|answer-needs-review,সমাধান:,"[{""label"":""a"",""text"":""; ০০5৪ + 5০০৪ = 2০ ০৪৪ + দে =2 মাছ যাদের আঁইশ গ্যানয়েড প্রকৃতির। ০১০০০২৪-- 2০০৪৪+ 1০0 cod 63. TRG:""}]"
previous_year,,,23,71,draft,easy,needs_review,,,missing-or-unreadable-options|missing-correct-answer|ocr-review-required|answer-needs-review,সমাধান: সেঠিক উত্তর অপশনে নে,"[{""label"":""c"",""text"":""; Foy = ma = mg = উদ্ভিদের মুল অফিগর্ত। ma S98 76 ওর mam Tamper | 65. সমাধান: সেঠিক উত্তর নে""}]"
previous_year,,,23,172,draft,easy,needs_review,,botany,missing-or-unreadable-options|missing-correct-answer|ocr-review-required|answer-needs-review,TEE (80; Ho? — 0) + {0 = 6) + WH 0%) টনোপ্রাস্ট নামক পাতলা মেমর্রেন ঘারা আবৃত থাকে। 1140 fm 3d mg | 77. সমাধান: (4); প্রত্যেক ফুলকা দুই সারি ফুলকা সূত্র বহন করে।,[]
previous_year,,,27,45,draft,easy,needs_review,,cell-biology,missing-or-unreadable-options|missing-correct-answer|ocr-review-required|answer-needs-review,কক্ষ SUOMI Zan ও Fel Fe তড়িৎঘবারের বিজারণ | 53. পারসেপট্রনের অর্থ- 'বিভব যথাক্রমে —0.76 এবং —0.44 V1 তড়িৎ কোষটির বিভব (৩) উচ্চ শক্তিষ্তরের ইলেকট্রন (৬) নিয় শক্তিস্তরের ইলেকট্রন 'কত ভোল্ট? (© কৃত্রিম নিউরোন (4) কোনোটিই নয় ০১০32 (9-032 12 (ta |S নিচের কোন যা ট্যাগের Gf i প্রয়োজন হয় না-,[]
previous_year,,,27,47,draft,easy,needs_review,,,missing-or-unreadable-options|missing-correct-answer|ocr-review-required|answer-needs-review,"জৈব যৌগে কার্বন-কার্বন দবিবদ্ধনের অবস্থান নির্ণয়ে নিচের কোন জেদ পদ্ধতিটি ব্যবহার করা হয়? ও এর মান 70 হলে, আউটপুট কী হবে?","[{""label"":""a"",""text"":""ওজোনোলাইসিস (৮) ফটোলাইসিস (@) A+ (®) Fail (9) পলিমারাইজেশন (৫) পাইরোলাইসিস (©) Pass (4) কোনোটিই নয় খ-শাখা (fore): জীববিদ্যা + গণিত বা জীববিদ্যা বা গণিত 'জীববিদ্যা+গণিত 59. হার্ট এটাক রোগীরজমাট বাঁধা রক্তকে গলিয়ে দিতে ৰ্যবহার করা হয়-""}]"
previous_year,,,27,57,draft,easy,needs_review,,cell-biology,missing-or-unreadable-options|missing-correct-answer|ocr-review-required|answer-needs-review,নিচের কোন কোষে সর্বাধিক সংখ্যক মাইটোকন্ডিয়া থাকে? পরিণত হয়- @ মাংসপেশির কোষ (০) চোখের কোষ ০) গ্লাইকোজেমেসিস ৬) ইযালসিফিকেশন (© কিডনির কোষ (4) মস্তিস্কের কোষ © গ্লাইকোজেনোলাইসিস (4) লাইপোজেনেসিস,[]
previous_year,,,27,58,draft,easy,needs_review,,,missing-or-unreadable-options|missing-correct-answer|ocr-review-required|answer-needs-review,হিস্টামিন তৈরি করে- 61. লসিকাতন্ত্র বহন করে না-,"[{""label"":""a"",""text"":""1-লিম্ফোসাইট 0) ৪-লিস্ফোসাইট (০) া-লিল্ফোপাইট (৬) ৪-লিস্ফোসাইট (©) মনোসাইট (৫) বেসোফিল (9) লোহিত রক্তকণিকা (৫) কোনটিই নয় ছা ০ ও co এতামা দু'পা... মি""}]"
previous_year,,,28,67,draft,easy,needs_review,,cell-biology,missing-or-unreadable-options|missing-correct-answer|ocr-review-required|answer-needs-review,উড়িদ কোষের রান্নাঘর. © ire @3¢ +e,"[{""label"":""a"",""text"":""ক্লোরোললাস্ট ৬) মাইটোকন্ট্রিয়া Ps (©) সেস্ট্রিওন (৫4) cms""}]"
previous_year,,,28,73,draft,easy,needs_review,,botany,missing-or-unreadable-options|missing-correct-answer|ocr-review-required|answer-needs-review,2x=y? + By + 22 পরাবৃত্তের THRE gE কোনটি? | 58. কোন নগ্নবীজী উদ্ভিদে দ্বিনিষেক ঘটে? @G~0 OED ©C3-3)@ GY) (@) Gretsm (8) Cycas (০) Pinus,"[{""label"":""d"",""text"":""Ephedro""}]"
previous_year,,,28,75,draft,easy,needs_review,,zoology,missing-or-unreadable-options|missing-correct-answer|ocr-review-required|answer-needs-review,"4-[2 3] হলেথ ৫ হবে 6০. 7৬৮০৮১০০৪৫৪ শ্রেণির মাছেরা কী নামে পরিচিত? @ ২ 3 ® [+ pl (৭) হ্যাগফিশ QT (9) স্লাইম ঈল (৫) লাংফিশ, [4 -5] ও 4] 61. কোন ব্লাড SFR ব্যক্তিকে সার্বজনীন গ্রহীতা বলা হয়? ©f 2 ও J @A চ৪ © @O (EET cee",[]
previous_year,,,29,62,draft,hard,needs_review,,genetics|cell-biology|cell-division,missing-or-unreadable-options|missing-correct-answer|ocr-review-required|answer-needs-review,মাইটোসিস কোষ বিভাজনে ডিএনএ রেস্লিকেশন হয় যে দশায়- ০১০1 ৬১০১ (০৪ (৫) সবগুলোই,[]
previous_year,,,29,63,draft,easy,needs_review,,cell-biology,missing-or-unreadable-options|missing-correct-answer|ocr-review-required|answer-needs-review,সোমাটোস্ট্যাটিন ক্ষরিত হয়- ৩6. J ৬৭০০০ + sinx) dx TT কোনটি? (8) ও-কোষ ০) চ-কোষ (9) 0-কোষ (৫) -কোষ @esinxte ®) —fsinx +c,[]
previous_year,,,29,65,draft,easy,needs_review,,cell-biology|botany,missing-or-unreadable-options|missing-correct-answer|ocr-review-required|answer-needs-review,কোন উদ্ভিদ কোষে নিউক্লিয়াস থাকে না? HOF TE ms?,[]
previous_year,,,29,0,draft,easy,needs_review,,cell-biology,missing-or-unreadable-options|missing-correct-answer|ocr-review-required|answer-needs-review,"সীভনল _ (৮) সঙ্গীকোষ (0) ট্রাকিড (৫)ভেসেল (8) 6%3,6 (৬)১৪,6%হ",[]
previous_year,,,29,68,draft,easy,needs_review,,human-physiology,missing-or-unreadable-options|missing-correct-answer|ocr-review-required|answer-needs-review,ইনটারফেরন কী? @s ৮ ®=s © @-6 (@ cans ৬) হরমোন 6০. ৮ রণ Pullin ২য় সারির উপাদানগুলার সহগুণক ওকার্বাহইডেট ও) লিপিড A,[]
previous_year,,,29,71,draft,medium,needs_review,,cell-biology|botany,missing-or-unreadable-options|missing-correct-answer|ocr-review-required|answer-needs-review,"ফ্যাটি এসিডের বিপাক উদ্ভিদ কোষের কোথায় ঘটে? 8 0০)৪ ০5 @3F (=) গ্লাইঅক্সিসোম (৮) TRA 62. sin"" (= cos) + sin~* (cos 3x) = কোনটি? (©) রাইবোসোম (@ FE @-tx O-2 @m-2 (4)য়- বম",[]
previous_year,,,29,77,draft,medium,needs_review,,human-physiology,missing-or-unreadable-options|missing-correct-answer|ocr-review-required|answer-needs-review,আমরা অস্ন জাতীয় খাদ্য গ্রহণ করা সত্ত্বেও রক্তের Pw wl awe? পরিবর্তন না হওয়ার কারণ- @3 [OH ©6 [OH,"[{""label"":""a"",""text"":""এন্টিবডি (৬) এন্টিজেন (০) রক্তের গ্রুপ(৫) বাফার 68. tand = (0 <B< Bl হলে, S00 এর মান কোনটি?""}]"
previous_year,,,29,78,draft,easy,needs_review,,cell-biology,missing-or-unreadable-options|missing-correct-answer|ocr-review-required|answer-needs-review,গ্লাইকোলাইসিস কোষের কোন অঙ্গাণুতে ঘটে? * jg meas (9) TRE ©) মেসোসোম ©7 টের শে এট (৩) গলগি বড়ি (©) প্লোটোপ্লাস্ট 69. ম৫+ ১ ঢং এবং মঃ+52-8%-9 - 0 বৃত্ত দুইটি,[]
previous_year,,,29,79,draft,easy,needs_review,,zoology,missing-or-unreadable-options|missing-correct-answer|ocr-review-required|answer-needs-review,Gastrovascular Cavity কোন প্রাণীতে পাওয়া যায়? পরস্পরকে অন্তঃস্থভাবে স্পর্শ করলে p এর মান কোনটি? @ Sopha 0) Hydra (9) Teenia (0) Aurelia ৬10 ®1 ©4 @6,[]
previous_year,,,32,58,draft,easy,needs_review,,human-physiology,missing-or-unreadable-options|missing-correct-answer|ocr-review-required|answer-needs-review,সমাধান: (৭); বেসোফিল হিন্টামিন নিঃসরণ করে রোগ এন-[ ৭ ভন - ২ তা প্রতিরোধ সমতা বৃদ্ধি করে ও হেপারিন ক্ষরণ করে রক্তকে | 76 সমাধান: 0 ST রক্তনালির মধ্যে অমাট বাঁধতে বাধা প্রদান করে। relma,[]
previous_year,,,32,59,draft,easy,needs_review,,,missing-or-unreadable-options|missing-correct-answer|ocr-review-required|answer-needs-review,সমাধান:,"[{""label"":""a"",""text"":""; হার্ট এটাক রোগীর জমাট বাঁধা রক্ত গলাতে- দরে = শ্ট্রেপটোকাইনেজ, মস্তিক ও ধমনির জমাট রক্ত গলাতে- | 77. সমাধান: (9; কেন্দ্র 3); 'ইউরোবাইলেজ। a = EEE Bf একক""}]"
previous_year,,,32,63,draft,easy,needs_review,,cell-biology|human-physiology,missing-or-unreadable-options|missing-correct-answer|ocr-review-required|answer-needs-review,সমাধান: (9; এরিখ্রোপরেটিন বৃক্ হতে whe হয় এবং সমীকরণ: (&- 93+ 03) = 12 ea উপর কাজ করে৷ এই হরমোন অসথযজ্জায় অবস্থিত ym Gk Gy 2620 প্টেম কোষকে REPRE (RB,"[{""label"":""c"",""text"":""উৎপাদনে উদ্দীপনা জোগায়। | 78. সমাধান:""},{""label"":""a"",""text"":""3x — py — 3 = 0 রেখার ঢাল TR এই হরমোন হান পেলে রক্তাম্পতা ৰা আযানেমিয়া হয়। SLi. gos ৩7. TA: (2); কলরোরোগ্লাস্টের অপর নাম সমূহ: GOUT চারা (Kitchen of ei), শর্করাজাতীয় খাদ্যের কারখানা (Factory | 79. সমাধান: (৭১25 3৮০ + 2; (30 =2 of synthesis of sugar), শক্তি FEE অঙ্গাগু। ৬ অভিনম্বের ঢাল - 4""}]"
previous_year,,,32,68,draft,easy,needs_review,,cell-biology,missing-or-unreadable-options|missing-correct-answer|ocr-review-required|answer-needs-review,সমাধান: (৫); প্রাণিকোষের সর্ববৃহৎ weg — নিউক্লিয়াস। | প্রাণিকোষের সর্ববৃহৎ সাইটোগ্লাজমীয় অঙগাবু - প্রা্টিড। অভিনব: 65-৪0-0১৭৯ - ৫2 শু x,[]
previous_year,,,32,72,draft,easy,needs_review,,cell-biology|human-physiology,missing-or-unreadable-options|missing-correct-answer|ocr-review-required|answer-needs-review,"সমাধান; (0); Stan? 6 - ৪০০২৪ = 11. আলফা কোষ (৫ Cell) - ধুকাগন ক্ষরণ করে, বিটা কো ০5 o's ~1-tan?0=11[g=Sen=t (Bell) » ইনসুলিন ক্ষরণ করে, কলম ৪০12 হু ie রত এবং ০ তয় - হত ডেল্টাকোষ 5 Cell) — সোমটোস্ট্যাটিন ক্ষরণ করে, গামাকেো n= কত যব ও এ তা 0081) -» প্যানক্রিয়েটিক পলিপেপটাইড হরমোন ক্ষরণ করে",[]
previous_year,,,32,73,draft,easy,needs_review,,zoology,missing-or-unreadable-options|missing-correct-answer|ocr-review-required|answer-needs-review,"সমাধান: (৪); 2x 5১২৭ 2-5-4474২47 6 67. সমাধান: (0); HA = 2x64 (+A = 23) * মাছ কোন অঙ্গের সাহায্যে পানির বিভিন্ন স্তর সম্পরন ও শীর্ষবিদ্দু (3,-4) জানতে পারে > পার্শ্বরেখা।",[]
previous_year,,,32,74,draft,easy,needs_review,,,missing-or-unreadable-options|missing-correct-answer|ocr-review-required|answer-needs-review,সমাধান:,"[{""label"":""b"",""text"":""; কোনো সংখ্যার সাথে! গুণ করলে তা * প্রধান চলন অঙ্গ + পুচ্ছ পাখনা। পরিমাণ ঘুরে যায়! » &803) =F + ইস TEE * প্বতা রক্ষাকারী অঙ্গ -+ বায়ুথলি। EET EST""},{""label"":""a"",""text"":""ও tr es পথ্লশ-""}]"
previous_year,,,39,80,draft,easy,needs_review,,cell-biology|botany,missing-or-unreadable-options|missing-correct-answer|ocr-review-required|answer-needs-review,০8-16+ tant মান কোনটি? (4)3-ফসফোল্লিসারিক এসিড ©= an . 67. উদ্ভিদ দেহে প্রয্নেদনে প্রধান অঙ্গ কোনটি? ‘ OF Of 0) লেন্টিসেল (0) এ্ন্থিটিস্যু (০) তৃবীয় কোষ (৫) mmm,[]
previous_year,,,39,58,draft,hard,needs_review,,genetics|microbiology,missing-or-unreadable-options|missing-correct-answer|ocr-review-required|answer-needs-review,"শ্টপটোকক্কাস দেখতে- এ Teor কালচার (৫) কোনটিই নয় (@ virgen (9) গোলাকার 70. a জিন অপর জিনের বৈশিষ্ট্য প্রকাশে বাধা প্রদান করে, সেই © কমাকৃতির (4) তারকাকার দয ৩9. ব্যাকটেরিওফাজ এক প্রকার- ৩) হাইপোস্ট্যাটিক জিন (৬) এপিস্ট্যাটিক জিন (9) ব্যাকটেরিয়া (৮) লাইকেন (©) লিথাল জিন (4) সেমিলিখাল জিন মক (এ) ভাইরাস 71. ফুসফুসের কার্যকারী একক-",[]
previous_year,,,39,61,draft,medium,needs_review,,cell-biology|human-physiology,missing-or-unreadable-options|missing-correct-answer|ocr-review-required|answer-needs-review,Hydracw পরিপাক কোন ধরনের? (৩) স্বাভাবিক ওজন ০) অতিরিক্ত ওজন (2) SAT (9) প্রথম শ্রেণির ছূলতা (4) দ্বিতীয় শ্রেণির স্থূলতা pra 73. মাকড়সার জাল তৈরিতে fri থেকে ক্ষরিত গ্রোটিন- ৩) স্যাখ্রোজোয়িক (2) ইমিউনোগ্লোবিডলিন (৮) comm (4) অন্তঃকোষীয় ও বহিঃকোষীয় ©) প্রোটিন pe (4) ট্রপসিন,[]
previous_year,,,39,62,draft,easy,needs_review,,botany,missing-or-unreadable-options|missing-correct-answer|ocr-review-required|answer-needs-review,যহুনিউকিয়াসমুক্ত উদ্ভিদ ফোষকে বলা হয়- 74. বাধ্যতামূলক পরজীবী বলা হয় কোনটি? (2) লাইকেন,"[{""label"":""b"",""text"":""প্লাসমোডিয়াম ০) ছত্রাক (8) ব্যাকটেরিয়া © সিনোসাইট (এ) সিনসাইটিয়াম ও) ভাইরাস (৫) শৈবাল""}]"
previous_year,,,43,66,draft,easy,needs_review,,,missing-or-unreadable-options|missing-correct-answer|ocr-review-required|answer-needs-review,"সমাধান: (০); কার্ডিয়াক চক্রের সময়কাল, = 5 sec = 07556০ | 57. সমাধান:","[{""label"":""b"",""text"":""; TRA প্যারাইটাল কোষ থেকে নিঃসৃত HOY""}]"
previous_year,,,43,70,draft,easy,needs_review,,,missing-or-unreadable-options|missing-correct-answer|ocr-review-required|answer-needs-review,সমাধান:,"[{""label"":""a"",""text"":"": [সূ ধরি, ৫ + 19০ অল্লীয় পরিবেশ সৃষ্টি করে এবং সে পরিবেশে প্রোটিন ৫০৫০ নি = m2) 101) 'পরিপাককারী এনজাইম পেপসিন নিঃসৃত হয়। EP ৩9. AE: (0); ভাইরাস TH ব্যাকটেরিয়ারউপর পরজীবী হয় এবং =m(%) =m EF ব্যাকটেরিয়াকে ধ্বংস করে। তখন তাকে য্যাকটেরিওফায ষলে। ” 02] a(t 3 60. সমাধান: (90; 1:00! ধুকোজকে পোড়ালে 636 কিলোক্যালরি""}]"
previous_year,,,43,73,draft,easy,needs_review,,botany,missing-or-unreadable-options|missing-correct-answer|ocr-review-required|answer-needs-review,"সমাধান: EEE =1 65. সমাধান: (2); একবীজপত্রী BRETT মূলে পরিবহন কলাগুচ্ছের স্ষুদ্র অক্ষের দৈর্ঘ্য, 2৮০2 2০৭ সংখ্যা ৬ এর অধিক।",[]
previous_year,,,43,76,draft,easy,needs_review,,botany,missing-or-unreadable-options|missing-correct-answer|ocr-review-required|answer-needs-review,"সমাধান: (০১ 2x% + 3x+p=3 সপ ধরি, মূলদ্ব়,৫ ও ২ ০ ৫2 ০ ৮১০০-35-2০ ০০5 ওটাও 2+ ঢা, সমাধানঃ) ৬০ wai so. সমাধান: [-2১ 8৭ 1১]",[]
previous_year,,,49,68,draft,easy,needs_review,,cell-biology,missing-or-unreadable-options|missing-correct-answer|ocr-review-required|answer-needs-review,কোষবিল্লির মোট শুষ্ক ওজনের কত ভাগ লিপিড? (2) প্রায় 50 ভাগ ® প্রায়?5 ভাগ,[]
previous_year,,,49,56,draft,easy,needs_review,,,missing-or-unreadable-options|missing-correct-answer|ocr-review-required|answer-needs-review,কোনটি রেস্ট্রিকশন এনজাইম নয়? © moon (এ) প্রায়2ঃতাগ lB at (8) AV. Leeuwenhoek,"[{""label"":""b"",""text"":""০.৪, Ehrenberg @IE (8গণ @FR (৫)প্রজাতি (©) Louis Pasteur""},{""label"":""d"",""text"":""Robert Koch 70. হাইজ্রার দেহে নিচের কোনটি কঙ্কাল হিসাবে কাজ করে?""}]"
previous_year,,,49,58,draft,easy,needs_review,,genetics|zoology|human-physiology,missing-or-unreadable-options|missing-correct-answer|ocr-review-required|answer-needs-review,কোন প্রযুক্তিতে ইনসুলিন তৈরি করা হয়? (4) নিমাটোসিস্ট (৮) cm (8) ন্যানো টেকনোলজি [OR (3) সিলোম (৮) টিস্যু কালচার 71. ঘাসফড়িং-এর সমগ্র দেহে একবার রক্ত প্রবাহ সম্পন্ন হতে কত (9) রিকছিন্যান্ট DNA টেকনোলজি মিনিট সময় লাগে? (4) এক্সপ্লান্ট কালচার ৰ্ @S10 0)1020 ©2025 @3060,[]
previous_year,,,49,62,draft,easy,needs_review,,human-physiology,missing-or-unreadable-options|missing-correct-answer|ocr-review-required|answer-needs-review,Sandwitch মডেল কোনটি? চক্রের সময় কত সেকেন্ড? (9) মাইসেলার মডেল (Ras বিশিষ্ট মডেল শন m0s ০০3 ৬০ (9) প্রোটিন-ক্রিষ্টাল মডেল (৫) ফ্কুয়িড মোজাইক মডেল | 76. মানবদেহে লোহিত Tea ও শ্বেত রক্তকণিকার অগুপাত,[]
previous_year,,,49,63,draft,easy,needs_review,,cell-biology,missing-or-unreadable-options|missing-correct-answer|ocr-review-required|answer-needs-review,কোষেরট্রাফিক পুলিশ কোনটি? কোনটি? (8) গণজি বডি (১) লাইসোজোম @700:1,"[{""label"":""b"",""text"":""600:1 (0) 500:""},{""label"":""d"",""text"":""400:1 (9) রাইবোজোম (4) সেন্ট্রোজোম 77. পুরুষ মানুষের রক্তে ক্রিয়েটিনিনের স্থাভাবিক যাত্রা কত""}]"
previous_year,,,49,64,draft,easy,needs_review,,cell-biology,missing-or-unreadable-options|missing-correct-answer|ocr-review-required|answer-needs-review,কোষে পানি ও pH এর পরিমাণ বজায় রাখে কোন কোষীয় দখা? wm? @006-0.15 ®06-12,"[{""label"":""a"",""text"":""কোষ বিল্লি (৬) সাইটোপ্লাজম (©30-40 @50-60 (osm @ কোষ প্রাচীর 78. জ্রণ আবর্ণীর কোন অংশ ভ্রণকে OH হাত থেকে রক্ষা করে?""}]"
previous_year,,,49,66,draft,easy,needs_review,,human-physiology,missing-or-unreadable-options|missing-correct-answer|ocr-review-required|answer-needs-review,কোনটি আণবিক কাঁচি হিসাবে পরিচিত? 79. গিনিয়াল গ্রন্থি থেকে নিঃসৃত হরমোন কোনটি? (@ ইন্টারফেরন ©) ল্াইগেজ এনজাইম (9) মেলাটোনিন ©) থাইর্সিন,[]
previous_year,,,49,0,draft,easy,needs_review,,,missing-or-unreadable-options|missing-correct-answer|ocr-review-required|answer-needs-review,গ্লাসমিভ (৫) রেস্ট্রিকশন এনজাইম (৩) থাইমোসিন (৫) ইনসুলিন,[]
previous_year,,,49,67,draft,easy,needs_review,,botany,missing-or-unreadable-options|missing-correct-answer|ocr-review-required|answer-needs-review,পাতায় ক্লোরোফিল অণু সৃষ্টির জন্য কোন মৌলটি অপরিহার্য? | 8০. মানব দেহের ফোন অঙ্গে প্লাইকোজেন জমা থাকে? (৪) ম্যাগনেসিয়াম (0) ব্যালসিয়াম,"[{""label"":""a"",""text"":""প্যানক্রিয়াস (OF (© সোডিয়াম ৫) পটাসিয়াম © ফুসফুল (৫) যকৃত ছা rst co cree NEY ART Tog পথচলা...""}]"
previous_year,,,59,58,draft,easy,needs_review,,genetics|plant-physiology,missing-or-unreadable-options|missing-correct-answer|ocr-review-required|answer-needs-review,"FRNA থেকে চূড়ান্ত mRNA সৃষ্টির পরিমার্জন ধাপের @u ভুদা ©» Oo fais 73. AB=3142]-k এবং AC=Si—]+ 2K সামস্তরিকের @15 2B ০03টি ৬৭টি দুটি বাছ হলে, সামস্তরিকটির ক্ষেত্রফল কত বর্গ একক? ৩9. সালোকসংশ্লেষণের ফটোসিস্টেম-। এর FRE ক্লোরোফিল-০ শেড (০) 'অগুটির আলোক শোষণ ক্ষমতা হলো- ©2959 © কোনোটিই নয় @7000m (৬) 690 গর; (9) 580 1 (760mm | 74197000587 গর ল9৫ম =F?",[]
previous_year,,,59,65,draft,easy,needs_review,,microbiology,missing-or-unreadable-options|missing-correct-answer|ocr-review-required|answer-needs-review,ইন্টারফেরন ড্রাগটি কিসের উপর কার্যকরী? @y=ix y= tax (9) ব্যাকটেরিয়া (৮) ছত্রাক (০) ভাইরাস (4) নিমাটোড @y=tix @y=1x,[]
previous_year,,,59,66,draft,medium,needs_review,,botany|human-physiology,missing-or-unreadable-options|missing-correct-answer|ocr-review-required|answer-needs-review,"কিটোসিস রোগের কারণ কী? Em, 0 4 42)"" pitas 0) প্রোটিন বিপাক নই, মন - [হিটুহলে, মেঃ +চ)ং কতা (9 শিপিড বিপাক (4) হরমোন বিপাক OE off ওহে eit ভা. eR উদ্ভিদের মধ্যে নিচের কোনটিতে ছিনিষেক ঘটে? FA (9) Cyeas 0) Pinus (9) Gretums (৫) Ephedra | 79. PR GO SIT জন্য k 2 1 নির্ণায়কটির মান শূন্য হবে?",[]
previous_year,,,60,68,draft,easy,needs_review,,zoology|human-physiology,missing-or-unreadable-options|missing-correct-answer|ocr-review-required|answer-needs-review,কোন প্রাণীর রক্তকণিকায় শ্বসরঞ্জক থাকে না? (9) ঘাসফড়িং (৮) রুইমাছ (৩) হাইছ্া (@ Fw,[]
previous_year,,,60,69,draft,hard,needs_review,,genetics,missing-or-unreadable-options|missing-correct-answer|ocr-review-required|answer-needs-review,কিট্টোসিস রোগের কারণ কী? © 3 re এসিড (৪) শর্করা বিপাক (৬) প্রোটিন বিপাক 'রাইবুলোজ 5 ফসফেট (©) লিপিড বিপাক (৫) হরযোন বিপাক নস দা 70. জীবের কোন প্রজাতির একসেট হ্যাপ্রয়েড CHE © কোনোটিই নয় বিদ্যমান জিনের সমটিকে বলে-,[]
previous_year,,,60,57,draft,hard,needs_review,,genetics|microbiology,missing-or-unreadable-options|missing-correct-answer|ocr-review-required|answer-needs-review,ভাইরাস সংক্রমণের সাথে জড়িত কোনটি? (৬) আলিল (৬) জিনোম,"[{""label"":""a"",""text"":""মাইক্রোসেফালি (৮ সিফিলিস (৩) ক্যারিওটাইপ (dy আযালোজোম (©) মেনিনজাইটিস (4) erg 71. Frain জিনের ফলাফল কোনটি?""}]"
previous_year,,,60,59,draft,easy,needs_review,,human-physiology,missing-or-unreadable-options|missing-correct-answer|ocr-review-required|answer-needs-review,সাসফড়িং এর রক্তবণিকাকে কী বলে? 9 দিলোষ © Rew @ হিমোসিল 0) হিসোলিফ ofr or © Pech en,[]
previous_year,,,60,61,draft,easy,needs_review,,cell-biology,missing-or-unreadable-options|missing-correct-answer|ocr-review-required|answer-needs-review,"কোষের SEY ও ক্ষারত্ব নিয়ন্ত্রণকারী অঙ্গাণু কোনটি? (©) ব্যবধায়ক পর্দা (4) কোনোটিই নয় comedy ৬) সাইটোপ্লাজম 75, মধ্যকর্ণের সংক্রমণকে কী বলে? (© qt (4) এন্ডোগ্লাজিক রেটিকুলাম ও) ওচিটিস মিডিয়া Oye",[]
previous_year,,,60,63,draft,medium,needs_review,,human-physiology,missing-or-unreadable-options|missing-correct-answer|ocr-review-required|answer-needs-review,"ক্যালভিন চক্রে CO, এর গ্রাহক কোনটি? © সেরিবেলাম - ©@ OWA GREP 0০ (OPE 77. জলীয় অবস্থায় লোহিত রক্ত কণিকা কোথায় তৈরি হয়?",[]
previous_year,,,60,64,draft,hard,needs_review,,genetics,missing-or-unreadable-options|missing-correct-answer|ocr-review-required|answer-needs-review,বর্তমানে কোনটি ব্যবহার করে রিকমিনেন্ট DNAS করা হয়? © ০) যকৃতে (© কিডনিতে (৫4) কশেরুকায় (৯) জিন ক্লোনিং (8) DNA হাইব্রিডাইজেশন © DNAcER © DNA ফিগার প্রিন্ট 78. প্রি প্র এর আ্যাডেনিন নিউক্লিওটাইডকে বলা হয়-,[]
previous_year,,,60,67,draft,medium,needs_review,,cell-biology,missing-or-unreadable-options|missing-correct-answer|ocr-review-required|answer-needs-review,দিচ্ছ ফেল sf সপ্ত নয? রি 80. REE শব্দটি নিচের কোন প্রক্রিয়ার সাথে জড়িত? (8) কেঁচো ও নেক্রিডিয়া 0) গোলকৃষি ও শিখাকোষ,"[{""label"":""a"",""text"":""হাইব্রিডাইজেশন ®) জিন ক্লোনিং (9) তারামাছ ও পানিসংবহনতন্ত্র (৫) চিংড়ি ও হিমোসিল (9) টিস্যু কালচার © গ্রাফটিং সস ০০০০০ দ ER পরিবর্তনের se পচ""}]"
previous_year,,,71,56,draft,easy,needs_review,,botany,missing-or-unreadable-options|missing-correct-answer|ocr-review-required|answer-needs-review,"কোরালয়েড মূল কোন উড়িদে পাওয়া যায়? o M oe =, o jot + x - : N H ৩) সাইকাস QF (9)মটরগুটি @T® | নিত = Em wp = wer",[]
previous_year,,,71,64,draft,easy,needs_review,,human-physiology,missing-or-unreadable-options|missing-correct-answer|ocr-review-required|answer-needs-review,মেসেন্টেরন কী? ৬১০০ M3 (9120 (945 (8) জননতন্ত্রের একটি অংশ না. Jef) axe (0৬) পৌষ্টিকতন্ত্রের একটি অংশ নি ৷ ০) রক্ত সংবহনতন্ত্রের একটি অংশ া পা (৫) রেচনতজ্ত্রের একটি অংশ © +e @- fe,[]
previous_year,,,71,65,draft,easy,needs_review,,human-physiology,missing-or-unreadable-options|missing-correct-answer|ocr-review-required|answer-needs-review,"মানবদেহে মাংস পরিপাকে কোন এনজাইমটি সক্রিয় ভূমিকা | 76 4g ay - 0 হলে, Lm কত? পালন করে? 2০১০+৪০১ চপ (৭) কাইমোট্রিপসিন ০)লাইপেজ লা ৬)-০-২৪ © (৫) টায়ালিন ওহে চর",[]
previous_year,,,71,66,draft,easy,needs_review,,botany,missing-or-unreadable-options|missing-correct-answer|ocr-review-required|answer-needs-review,FRE কয়জোড়া ফুলকা TE থাকে? ry @3-4 (®)5-7 ©8-10 @0-12 | 79 SEE এর মান কত?,[]
previous_year,,,72,56,draft,easy,needs_review,,cell-biology,missing-or-unreadable-options|missing-correct-answer|ocr-review-required|answer-needs-review,frail কোন কোষে নিউটিয়াস wep? pli ৬) প্যারেনকাইমা ৬) কলোরেনকাইমা Orel abe (© ফিউমারিক এসিড © সিভনল (৫) রক্ষীকোষ ষ্,[]
previous_year,,,72,58,draft,hard,needs_review,,human-physiology,missing-or-unreadable-options|missing-correct-answer|ocr-review-required|answer-needs-review,"জৈব প্রযুক্তির মাধ্যমে E. coli ব্যবহার করে প্রস্তুত করা হয়- @ গ্যানংপডোমিটার ৮) ন্যান্টিমিটার (৭ ভিটামিন (৮) ইনসুলিন ৩) প্রোটিন (4)চৰি (©) ল্যাকটোমিটার (৫) pH মিটার ৩9. নিচের কোনটি দৈত প্রচ্ছন্ন এপিস্ট্যাসিস অনুপাত- 71. নিচের কোনটি সঠিক নয়? ®79 © @B3 @137 (৭) ডান নিলয় থেকে CO, সমৃদ্ধ রক্ত পালমোনারি ধমনিতে",[]
previous_year,,,72,60,draft,easy,needs_review,,plant-physiology|human-physiology,missing-or-unreadable-options|missing-correct-answer|ocr-review-required|answer-needs-review,"সবাত শ্বসনের ফলে উৎপন্ন শক্তির পরিমাণ কত কিলোক্যালরি? (৬) বাম নিলয় থেকে 0, সমৃদ্ধ রক্ত সিস্টেমিক ধমনিতে যা ৬36০ ৬)46০ ©560 ১66০ (©) FTE CO, সমৃদ্ধরক্ত পরিশোধিত হয়ে ডান নিলয়ে",[]
previous_year,,,72,61,draft,medium,needs_review,,zoology|human-physiology,missing-or-unreadable-options|missing-correct-answer|ocr-review-required|answer-needs-review,"কাণ্ডের পরিধি বৃদ্ধি হয় কোন টিস্যুর বিভাজনের কারণে? (9) CO, সমৃদ্ধ রক্ত দুটি ভেনাক্যাভা দিয়ে ডান অলিস্দে আ @ এপিকাল মেরিস্টেম (0) ক্যামবিয়াম 72. দিততরী প্রাণী কোনটি? ৩) স্টেম সেদ (4) জাইলেম ও arte ® Hydra ©) Teena",[]
previous_year,,,72,62,draft,easy,needs_review,,human-physiology,missing-or-unreadable-options|missing-correct-answer|ocr-review-required|answer-needs-review,মানুষের রক্তের গ্রুপিং এর জন্য দায়ী পদার্থ হলো. © Fasciola @ Pita (® এন্টিবডি (৬) এন্টিজেন 73. ইলান্টিন নির্মিত কিউটিকল দিয়ে আবৃত দেহ দেখা যায়- (©) বিলুরুবিন (৫4) বিলিভারভিন (@) জেলিফিসে ০)গোল কৃষিতে,[]
previous_year,,,72,63,draft,easy,needs_review,,botany|zoology,missing-or-unreadable-options|missing-correct-answer|ocr-review-required|answer-needs-review,"ci এর চিকিৎসা হচ্ছে- (© ফিভাকৃষিতে (4) অক্টোপাসে (@) পেসমেকার TICE (০) SEAR বাইপাস 74. ম্যাক্সিলারি যার্যেল হলো রুই মাছের- (©) এনজিওপ্লাস্টি (৫) কোনটিই নয় (৯) মাথার অংশ ০) পাখনার অংশ 4, গোল আপু কোনটির রূপান্তর? (© লেজের অংশ (ও) বুকের অংশ OTE GW (9) ফুলের (4)পাতার | 75. জটিল শর্করা ভেঙ্গে মন্টোজে পরিণত হতে যে এনজাইম লা",[]
previous_year,,,72,65,draft,easy,needs_review,,cell-biology|botany|human-physiology,missing-or-unreadable-options|missing-correct-answer|ocr-review-required|answer-needs-review,ইমাসকুলেশনের ST (৬) সুক্ষেজ UR (9) মন্টেজ (4) লাইপে (৪) স্ব-পরাগায়ন রোধ (8) অভিযোজন ক্ষমতা বৃদ্ধি | 76. ইনসুলিন হরমোন ক্ষরণ করে- © পরাগরেণুর সংখ্যা হাস (৫) উদ্ভিদের Vigour বৃদ্ধি ৫) আলফা কোষ )বিটা কোষ,[]
previous_year,,,72,66,draft,medium,needs_review,,cell-biology|zoology,missing-or-unreadable-options|missing-correct-answer|ocr-review-required|answer-needs-review,আপোল্পোরি হচ্ছে- (©) ডেল্টা কোষ (@ লিপি কোষ (2) দেহকোষ থেকে সরাসরি স্পোরোফাইটের উৎপত্তি 77. যকৃত কোন প্রোটিন সংশ্লেষ করতে পারে না- (0) দেহকোষ থেকে সরাসরি গ্যামিটোফাইটের উৎপত্তি (৪) আ্যালবুমিন (৮ লিপোঞ্টিন (9) জনন মাডৃকোষ থেকে স্পোর তৈরির প্রক্রিয়া © (৭১ %- গ্লোবিউলিন (৫) নিষেক ছাড়া ফল তৈরি প্রক্রিয়া 78. Bilateral cleavage ঘটে কোন পর্যের প্রাণীতে?,[]
previous_year,,,72,67,draft,easy,needs_review,,,missing-or-unreadable-options|missing-correct-answer|ocr-review-required|answer-needs-review,GR অঙ্গজ জননের মাধ্যমে কোনটি করা সম্ভব নয়? (@) Arthropoda (6) Chordata WSR (©) Annelida (6) Mollusca (5) অল্প সময়ে বেশি চারা উৎপাদন 79. নিচের কোনটি মানবদেহের বৃহদান্ত্রের অংশ? (0) সৃষ্ট উডিদ থেকে দ্রুত ফল লাভ (৩) জেজুনাম ® ডিওডেনাম (8) মৃত গাছের গুণাগুণ রক্ষা (©) সিকাম (৫4) ইলিয়াম 6৪. “নল অব মিনিমাম” OY প্রস্তাব করেন- 80. মানবদেহের স্কুভাস্রের শোষণতলের ক্ষেত্রফল- (৭) স্টিলেন cept ৬) রবিনহিল (5) 2 বর্গমিটার ®) 4 বর্গমিটার (© wT (@Ffor (০) ৪ বর্গমিটার © 10 বর্গামিটার RTT সা Ard orm gs,[]
previous_year,,,83,56,draft,hard,needs_review,,genetics,missing-or-unreadable-options|missing-correct-answer|ocr-review-required|answer-needs-review,"“প্রত্যেক ক্রোমোজোমের একটি নিজস্ব সত্ত্বা আছে।”- উক্তিটি ""০ সমীকরণের ee সমান হবে? কোন বিজ্ঞানীর? @03 ®)0,-3 (4.0 @5,0 © OEE QA (৫) মেন্ডেন | 71. সন ০? অধিবৃত্তেরউপকেন্দ্রিকলম্বের দৈর্ঘ্যকত ar",[]
previous_year,,,83,57,draft,easy,needs_review,,human-physiology,missing-or-unreadable-options|missing-correct-answer|ocr-review-required|answer-needs-review,মানুষের রক্তের অণুচক্রিকার আয়ুষ্কাল কত দিন? = 6 নি = ডু তর ১৮ ওেশ্র @1-5 ®5-6 (©7-10 D120 oF © = “,[]
previous_year,,,83,61,draft,easy,needs_review,,zoology,missing-or-unreadable-options|missing-correct-answer|ocr-review-required|answer-needs-review,"vo কোন ctf প্রাণী? . J, , (2) Amphibia (৮) Reptilia @3F ®-7 পের @3z ©) Aves (¢) Mammalia 75. Jmn(x—1)~InGx-+ 5) = কত?",[]
previous_year,,,83,63,draft,easy,needs_review,,cell-biology,missing-or-unreadable-options|missing-correct-answer|ocr-review-required|answer-needs-review,কতসংখ্যকমাইটোটিকবিডাজনে 128টি অপত্য কোষ উৎপন্ন হবে? [OF ভে (97 0১2৫ (0১42,"[{""label"":""a"",""text"":""64 ot ms""}]"
previous_year,,,83,65,draft,hard,needs_review,,genetics,missing-or-unreadable-options|missing-correct-answer|ocr-review-required|answer-needs-review,"জীবের জিন মিউটেশনের ফলে কোন ধরনের ay | 77- ঢ 9% El = 0 হলে, মএর মান কতা (8) ম্যাক্ষো ০)মাইক্রে (9)মেগা )ন্যানো","[{""label"":""a"",""text"":"".""}]"
previous_year,,,83,68,draft,medium,needs_review,,zoology,missing-or-unreadable-options|missing-correct-answer|ocr-review-required|answer-needs-review,নিচের কোন পর্বের প্রাণীদের আঙ্গুরীমাল বলা হয়? গে টয় ওঃ [OF (6) Nematoda,"[{""label"":""b"",""text"":""Annelida 80. ১২৭১২ + হল + 284 ০ 5 0 বৃত্তটি উভয় অক্ষকে স্পর্শ (90 Arthropod""},{""label"":""a"",""text"":""(@ Mollusca করলে, নিচের কো N""}]"
previous_year,,,84,59,draft,hard,needs_review,,cell-biology|human-physiology,missing-or-unreadable-options|missing-correct-answer|ocr-review-required|answer-needs-review,Caaf এনজাইম নিয়ের ফোন a পরিপাক করো © লোহিতকণিকা 2S @ W@W @WE (GT © fms (৩) যনোসাইট ট 6০. মেস্ডেল পরীক্ষার জন্য মটর গাছ কেন বেছে নিয়েছিলেন? 73. মানবদেহের রকের ঢা কত? © কুলের অবস্থান 0) মবপরাদী রুল (535-545 635-645 ৩)বীজের আকার @ কাঙের দৈর্ঘ্য ©0735-7458 (835 _ ৪45 গা Pt ৬: 74. কোষচক্র বদ্ধ করার অভ্যন্তরীণ উদ্দীপনা প্রদান করে নিয়,[]
previous_year,,,84,62,draft,easy,needs_review,,cell-biology,missing-or-unreadable-options|missing-correct-answer|ocr-review-required|answer-needs-review,৯০০৮ এর পুংরেণু সৃষ্টি হয় ফোন কোষ থেকে? কোনটি?,"[{""label"":""a"",""text"":""স্পোর মাতৃকোষ (Brg মাতৃকোষ ৬) সাইক্লিন COR 0) সাইক্লিন CDK-MPF © পুৎরেগু পত্র (@ coma ওত ওযা""}]"
previous_year,,,84,63,draft,medium,needs_review,,cell-biology|botany,missing-or-unreadable-options|missing-correct-answer|ocr-review-required|answer-needs-review,Bulliform কোষ কোন উদ্ভিদে থাকে? 75. মেসোফিল কোন ধরনের টিস্যু! @S HW ০)গম। (9)সবকটিতে ৩) মেরিস্টেমেটিক Cass,[]
previous_year,,,84,64,draft,easy,needs_review,,zoology,missing-or-unreadable-options|missing-correct-answer|ocr-review-required|answer-needs-review,ক্রোযোজমীয় নৃত্য কোন দশায় দেখা যায়? (©) এপিডার্মাল (৫) জাইলেম (৬) প্রোফেজ (8) শ্রোমেটাফেজ 76. কোনটি পরিফেরা পর্বের প্রাণীর দেহে দেখা যায়? (৩) মেটাফেজ (৫) সবকটিতে 3) কোয়ানোলাইট ০) ইলান্টিন,[]
previous_year,,,84,65,draft,medium,needs_review,,,missing-or-unreadable-options|missing-correct-answer|ocr-review-required|answer-needs-review,ফটোরেসপিরেশনের জন্য কোনটি সত্য? [CE ৩) ট্যাগমাটা (0) আলোক নিরপেক্ষ প্রক্রিয়া 77. ares কাজ নয় কোনটি? (৮) ক্যালভিন চক্রের সাথে কোন সম্পর্ক নাই,"[{""label"":""a"",""text"":""শব্দ উৎপন্ন করা (৮) দেহের চাপ নিয়ন্ত্রণ করা (9 ক্যালতিন চক্রের উপর নির্ভশীল (© প্লৰতা রক্ষা করা (৫) প্রতিরক্ষা প্রদান করা ও) ATP ও NADPH Soman 78. দেহের বিভিন্ন অংশে ক্যান্সার কোষ ছড়িয়ে পড়াকে কী বলো?""}]"
previous_year,,,84,66,draft,hard,needs_review,,genetics,missing-or-unreadable-options|missing-correct-answer|ocr-review-required|answer-needs-review,কোন জিনের কারণে মোরগ-মুরগীর পালক সাদা বর্ণের হয়? (8) Oncogenesis (8) Necrosis,"[{""label"":""a"",""text"":""লেমিলিখাল জিন ০) এপিস্ট্যাটিক জিন (©) Metastasis ও) apoptosis (9) হাইপোস্ট্যাটিকভজিন _ (৫)নন-আযালিলিক জিন 79. লিক্ফোসাইটের পরিপক্কতা নিয়ন্ত্রণ করে কোনটি?""}]"
previous_year,,,84,67,draft,medium,needs_review,,,missing-or-unreadable-options|missing-correct-answer|ocr-review-required|answer-needs-review,Erythropoictio কোথায় তৈরি হয়? (@ লিম্ফয়েড (৬) আযাডেনয়েড,"[{""label"":""a"",""text"":""রক্ত কণিকায় 0) কোষে (© থাইমাস (4) wm (9) কিডনিতে (এ) যকৃতে""}]"
previous_year,,,84,68,draft,easy,needs_review,,zoology,missing-or-unreadable-options|missing-correct-answer|ocr-review-required|answer-needs-review,অয় প্রতিসাম্য দেখা যায় কোন প্রাণীতে? জা. ফেলা rng ext নয়া Homo sapiens 0৬) Volsox wh Gm © Pils (@ durelia © ও) চড় মন ছয়ে em,[]
previous_year,,,93,59,draft,hard,needs_review,,genetics,missing-or-unreadable-options|missing-correct-answer|ocr-review-required|answer-needs-review,"জেনেটিক ইঞ্জিনিয়ারিং এর ক্ষেত্রে রেস্ট্রিকশন এনজাইমের কাজ কী? @4-4 5 ®)3,-3,-5","[{""label"":""a"",""text"":""DNA অগুর কাটা অংশ যুক্ত করা 2:25 an""}]"
previous_year,,,93,61,draft,medium,needs_review,,,missing-or-unreadable-options|missing-correct-answer|ocr-review-required|answer-needs-review,"শ্বাসনালি ও নাকে কোন ধরনের তরুণান্ থাকে? 6), Omi গম ও) (4) হায়ালিন © শ্বেত তলুময় ৪0, 7 9 2P মানের দুইটি বলের 2%, R, » বলের ক্রিয়ারেখার সাথে (© পীত og (ও) চুনময় লম্বভাবে ক্রিয়া করে। বলছয়ের মধ্যবর্তী কোগ্‌ কত?",[]
previous_year,,,93,66,draft,easy,needs_review,,,missing-or-unreadable-options|missing-correct-answer|ocr-review-required|answer-needs-review,pad ও গৌণ নিউক্লিয়াসের ged কি' ht (@) পাতিকাক (8) ঘড়িয়াল (৭) দ্বিযিলন (8) দ্বিনিষেক (৩) ব্রিমিলন (৫) নিষেক,[]
previous_year,,,94,57,draft,easy,needs_review,,cell-biology,missing-or-unreadable-options|missing-correct-answer|ocr-review-required|answer-needs-review,"ফোন rere 79. যে কোষাপুটি হাইড্রোলাইটিক এনজাইমের আধ্যর হিসেবে wy জোমে অনুপস্থিত? করে, তার নাম কী? ৬) চে (©OMg™ (Mn","[{""label"":""a"",""text"":""লাইসোজোম 0) রাইবোজোম""}]"
previous_year,,,94,64,draft,hard,needs_review,,genetics,missing-or-unreadable-options|missing-correct-answer|ocr-review-required|answer-needs-review,Fo as “X* জিন (Sex chromosomal gene) (০) পরিপক্ক পুষ্প হতে স্ত্রীকেশর সরিয়ে ফেলা lie নয়? (৫) অপরিপক্ক পুষ্প হতে Bera সরিয়ে ফেলা,"[{""label"":""a"",""text"":""লাল-সবুজ fer (৮ হিমোফিলিয়া-এ 59. ডিম্বাণু ব্যতিত বুবলির অন্য যেকোনো কোষ থেকে ভ্রণ সৃষ্টির (০) ভুসেন মাস্কুলার ডিস্ট্রফি (৫) কালের লোম প্রক্রিয়াকে কী বলে?""}]"
previous_year,,,94,66,draft,hard,needs_review,,genetics,missing-or-unreadable-options|missing-correct-answer|ocr-review-required|answer-needs-review,"যখন একটি জিন অন্য একটি নন-আ্যালিলিক জিনের কার্যকারিতা (=) আযাপোস্পরি 0) সিনগ্যামি একাশে বাধা দেয়, তখন সেই প্রক্রিয়াকে কি বলে? (© আইসোগ্যামি (৫) Spi ()মিউটেন্টজিন (৬) এপিন্ট্যাসিম €1. অত্যাবশ্যকীয় আযমাইনো এসিড হলো- (©) fora জিন (৫) ডিসট্রফিন জিন ৬) প্লাইসিন 0) সেরিন (9) ভ্যালিন (0) সিন্টিন",[]
previous_year,,,94,67,draft,hard,needs_review,,genetics|cell-biology|microbiology,missing-or-unreadable-options|missing-correct-answer|ocr-review-required|answer-needs-review,"SRT আক্রান্ত হওয়ার প্রতিক্রিয়া হিসেবে কোষের অভ্যন্তরে | 6১. FF কোনটির পরিষাণ বেশি থাকা ভালো? ভাইরাসের বংশ বৃদ্ধি ব্যাঘাত ঘটাতে আক্রান্ত কোষ হতে যে বিশেষ | OWL OLDE 91027 (TR ধরনের প্লাইকোপ্রেটিন উৎপন্ন ও ক্ষরিত হয়, তার নাম কি? 6s. সেন হযমোনট লিস্ফোসাইট প্রস্তুতি ও আযান্টিবডি গঠনে কা 'ফ্যাগোজোম নৈজেশন @ (চে) ইনজেশন rere. ০) খাইরজিন Ox ও) ইন্টারফেরন © থাইমোসিন (© SEE",[]
previous_year,,,94,6,draft,easy,needs_review,,microbiology,missing-or-unreadable-options|missing-correct-answer|ocr-review-required|answer-needs-review,pia ce ভাইরাস কোনটি? 69. কোন আযান্টিবডিটি গর্ভাবস্থায় মায়ের দেহ থেকে অমরা অভির,[]
previous_year,,,94,70,draft,easy,needs_review,,zoology,missing-or-unreadable-options|missing-correct-answer|ocr-review-required|answer-needs-review,"তি অয বাধার) থাড HN, @OCMV 1] করেজ্ণদেহেবাহিতহয়? TO বাধা কে কোন ফ্যাটি | ও ছ0 Old Od এ) ০ দেয়! 74. তরল পদার্থে প্রাণীর গ্রোতজনিত ট্যাক্সিস হলো-","[{""label"":""a"",""text"":""afr [OE] )রিওট্যাক্সিস ৮) থিগমোট্যাক্সিস (০) ফাইব্রিনোজেন (৫) ক্যালসিয়াম আয়ন (০) কেমোট্যাক্সিস (4) জিওট্যাক্সিস""}]"
previous_year,,,104,56,draft,easy,needs_review,,genetics|cell-biology,missing-or-unreadable-options|missing-correct-answer|ocr-review-required|answer-needs-review,DNACK Roam দে 71. কোনটি ভ্রণীয় স্টেম কোষ থেকে উৎপত্তি লাভ করে?,"[{""label"":""a"",""text"":""লিউকোসাইট (৬) মনোসাইট (৩) লাইগেজ এনজাইম (0) রোস্ট্রিকশন এনজাইম palin (4) বেলোধিল oem এনজাইম (4) আযমাইলেজ এনজাইম | 72. aD হেটেরোজাইগাস জীবের টেস্ট ar ঘটালে এ""}]"
previous_year,,,104,61,draft,hard,needs_review,,genetics|cell-biology,missing-or-unreadable-options|missing-correct-answer|ocr-review-required|answer-needs-review,কোষধিদ্লিতে প্রোটিনের পরিমাণ- 77. রাইবোজোমে 505 এবং 305 এই দুই সাবইউনিট একত্রিত হয @20-40% ©) 40-60% গঠন করে- (০9) 60 - 80% (৫) 80 - 100% ) 62. লিথাল জিন এর কারণে মেন্ডেলের প্রথম সূত্রের ফিনোটাইপিক | 78. an তা ems অনুগত 3) নিয়য়গে প্রবর্তিত হয় ও) প্লাইকোপরোটিন 0) Freee গে ©) 2:1 © সা (০) পলিস্যাকারাইড,"[{""label"":""d"",""text"":""প্লাজমা প্রোটিন""}]"
previous_year,,,104,6,draft,easy,needs_review,,zoology,missing-or-unreadable-options|missing-correct-answer|ocr-review-required|answer-needs-review,পাকছছনীতে Hl নিয়ন্ত্রণ করে” 79. নিয়ের কোনটি Caidaria পর্বের প্রাণী নয়? @ mie ® Fro (@) Spongilia,"[{""label"":""b"",""text"":""Aurelia (©) এন্টারসক্রাইনিন @ পেপটাইড © Porpita ৫৬) Pennatula""}]"
previous_year,,,104,64,draft,hard,needs_review,,genetics,missing-or-unreadable-options|missing-correct-answer|ocr-review-required|answer-needs-review,"মানবদেহের বক্গপিজরে মোট SEE সংখ্যা"" ৪০. নিচের কোনটি জিনের Tf (Stop codon) কোডন নয়? wz ®8 @u @5 WUAA ৬৮৪৪ UGA (4) UAG",[]
previous_year,,,104,66,draft,easy,needs_review,,cell-biology,missing-or-unreadable-options|missing-correct-answer|ocr-review-required|answer-needs-review,নিষেকের ফলে এক্সাইন রূপাস্তরিত হয়ে গঠিত হয়- (৩) ক্যালসিয়াম মাত্রা (৫) পিগমেন্ট গঠন ৬) ফলত্বক GET OT OFA | 59. ছত্রাকের কোষ প্রাচীরের মুখ্য উপাদান কোনটি?,[]
previous_year,,,104,67,draft,easy,needs_review,,genetics,missing-or-unreadable-options|missing-correct-answer|ocr-review-required|answer-needs-review,DNA রেপ্লিকেশনের সময় হাইড্রোজেন বছ্ধনী ভেঙ্গে দেয় কোন (9) সেলুলোজ ০) কাইটিন এনজাইম? (9) সেলুলোজ ও কাইটিন (৫) কোনটিই নয়,"[{""label"":""a"",""text"":""প্রাইমেজ এনজাইম ৬) পলিমারেজ এনজাইম 75. কোনটি আারোমেটিক আ্যামাইনো এসিড? (9) হেলিকেজ এনজাইম (৫) লাইগেজ এনজাইম (৬) সিস্টিন (8) টাইরোসিন""}]"
previous_year,,,104,68,draft,easy,needs_review,,,missing-or-unreadable-options|missing-correct-answer|ocr-review-required|answer-needs-review,অটোফ্যাগি কোন্‌ অঙ্গাণুটি প্রত্যক্ষভাবে অংশগ্রহণ করে? (©) লাইসিন (8) গ্লাইসিন (9) মাইটোকত্রিয়া [CL] 76. পাখিদের সম্পর্কে প্রাণিবিআ্ঞানের যে শাখায় আলোচনা করা হয (9) লাইসোজোম (৫) রাইবোজোম তাকে বলা হয়-,[]
previous_year,,,104,69,draft,easy,needs_review,,cell-biology,missing-or-unreadable-options|missing-correct-answer|ocr-review-required|answer-needs-review,E.coli কোষে সর্বপ্রথম প্লাজমিড আবিষ্কৃত হয় যে বছর-,"[{""label"":""a"",""text"":""Omithology (8) Malacology (৪) 1945 0)1952 (০1971 (6) 1950""},{""label"":""c"",""text"":""Ethology""},{""label"":""d"",""text"":""Iethyology GE ET. মার sr লতার ss পথচলা;""}]"
previous_year,,,112,45,draft,easy,needs_review,,,missing-or-unreadable-options|missing-correct-answer|ocr-review-required|answer-needs-review,উড়িদে FRI প্রজননের প্রধান উদ্দেশ্য কোনটি? 49. Too গঠনের সঠিক বর্ণনা প্রথম কে দিয়েছিলেন? (8) উন্নতমানের জাত উদ্ভাবন,"[{""label"":""a"",""text"":""হযর্ে উইলিয়াম (8) চার্লন ডারউইন (৮) মৌলিক সম্পদ বাড়ানো (০) উইলিয়ামসন (৫) স্যার উইলিয়াম বোম্যান (০) উড়িদের জীবন রহস্য উন্মোচন 50. হ্যাপ্লয়েড উড়িদ তৈরির জন্য কোনটি কালচার করা হয়? (৫) উড়ভিদের চারিত্রিক বৈশিষ্ট্য জান (৪) পরাগরেগু (৮) মূল ©@=t @ মুকুল hs pid খাপ কোনটি? 53. (%-ঠ) এর বিকতিতে মধ্যপদ হবে- ] (6) কাজ্ক্ষিত DNA কর্তন ও পৃথকীকরণ @ ®PC (2) Cx? (0) মাত (©) গেস্ট্রিকশন এনআইমের সাহায্যে কর্তন 59. 100 = সু* হলে 1 (x) নিয়ের কোনটি? (0) 0144-কে ভেষ্টরে সংযুক্তকরণ @H+2 0)ওয- 2 ৩) 2স+ও @2-3""}]"
previous_year,,,112,47,draft,medium,needs_review,,zoology,missing-or-unreadable-options|missing-correct-answer|ocr-review-required|answer-needs-review,"হছিমোসিল কোন প্রাণীতে পাওয়া যায়? 60, Permutation শব্দটির eB মধ্যে স্বরবর্ণের অব (8) আরশোলা pres RT না করে বর্ণগুলিকে যত রকমে পুনরায় সাজানো যেতে (৩) ঘাস ফড়িং (4) সবগুলোভেই পারে তার সংস্যা- '48. রুই মাছের আঁইশ কোন ধরনের? (@)360 ®35% ০361 (৫)349 ৪) সাইক্লয়েড 0) টিনয়েড (০) প্লাকয়েড (৫) গ্যানয়েড",[]
previous_year,,,112,51,draft,medium,needs_review,,cell-biology|plant-physiology|microbiology,missing-or-unreadable-options|missing-correct-answer|ocr-review-required|answer-needs-review,"হিপনোটস্সিন পাওয়া যায়- (© ofS (0) ভলভেন্টে 45. মানবদেহে সবচেয়ে ছোট অস্থি কোথায় অবস্থিত? ৩) স্ট্রেপটোলিন ধুটিন্যান্টে (৫) স্টেরিওলিন BE (৬) নাকে oh] ৩52. থে ব্যাকটেরিয়ার এক প্রাস্তে এক গুচ্ছ FH থাকে- (9) মাথয় (৫) হাতের আঙ্গুলে @ মনোট্রিকাস (৬) লফ্োট্রিকাস 46. কোষ বিভাজন কে আবিষ্কার করেন? (৩) সেফালোট্রিকাস (৫) পেরিট্রকাস (৭) afi (৩) শ্লাইখার ৩4. ০০০৪ = 0 হলে ৪ এর সাধারণ মান হবে- (© লিয়েন ছক (৫) রবার্ট হুক ৬2 [OR @nmtl (6) হয়া চু | 47. কোন বানানটি সঠিক? ৩5. তিনটি বল PEP, P সাম্যাবস্থায় থাকলে প্রথম দুইটি বলের | (8) ২০৮১০০৬০০০৮ (8) Sphygmomanometer মধ্যবর্তী কোণ: ©) Sphygmomster (৫) Sphygmomanometer ৬১6০ er © se | 4% SRT অন্ধকার দশায় সালোকসংশ্লেষণের প্রথম স্থায়ী যৌগ",[]
previous_year,,,112,56,draft,easy,needs_review,,botany,missing-or-unreadable-options|missing-correct-answer|ocr-review-required|answer-needs-review,এককের একটি কাল্পনিক ঘনমূল © হলে 1+ ০০ +t + কোনটি? tl এর মান হবে- (2) ম্যালিক এসিড (৬) ফসফোল্লিসারিক এসিড @0 (৬)৫ ©-1 @w? (9) সাইট্রিক এসিড (4) অস্সালো এসিটিক এসিড,[]
previous_year,,,112,57,draft,medium,needs_review,,botany|zoology|human-physiology,missing-or-unreadable-options|missing-correct-answer|ocr-review-required|answer-needs-review,"একটি বৃত্ত ম 0, হ 0, স ৪ এবং = a সমীকরণগুলিকে | 50. একাইনোডার্মাটা শ্রেণির প্রাণীদের মূল বৈশিষ্ট্য হলো- স্পর্শ করে। বৃত্তটির সমীকরণ- (9) এদের রেচনতন্ত্রমছে (৮) এদের ত্বক কন্টকিত (৪) মই কট —ax—ay=0 (9) রক্ত সংবহনতন্ত্র সক্রিয় (৫) পানি সংবহলতন্ত্র নিচ্ষিয় Bx yi =a 51. TR সবচেয়ে বড় SE GB? (9) 42 + 52) =a? (৯) ক্রিকয়েড (8) এপিল্লটিস hy? i. মম > = ex(1+4 9 5. ভা স্পর্শক ম-অক্ষের সাথে 30° কোণ উৎপন্ন করবে? PRBS কারণে কোন রোগটি হয়? + 3 রন রর (8) কোণন ক্যান্সার 0) ত্বকের ক্যান্সার ৷ মে ৷ঘছঘাে OF (© জরায়ুর ক্যান্সার (@ খাদ্যনালির ক্যান্সার মা ছে ও remem",[]
previous_year,,,120,15,draft,easy,needs_review,,botany,missing-or-unreadable-options|missing-correct-answer|ocr-review-required|answer-needs-review,সমাধান: জীবন্ত জীবাশ্ম: বর্তমানের কোনো জীবিত উদ্ভিদের বৈশিষ্ট অতীতকালের কোনো জীবাশ্য উদ্ভিদের বৈশিষ্ট্যের সাথে মিলসম্পৃঃ হলে তাকে জীবন্ত জীবাশ্য বলা হয়। peas একটি জীবন্ত জীবাশ্য।,[]
previous_year,,,120,14,draft,easy,needs_review,,cell-biology,missing-or-unreadable-options|missing-correct-answer|ocr-review-required|answer-needs-review,সমাধান: অনষ্যায়রি কোষের কাজ : ঘ্রাণ উদ্দীপনা গ্রহণে সাহায্য করা এবং তা TR প্রেরণ করা।,[]
previous_year,,,120,15,draft,easy,needs_review,,botany,missing-or-unreadable-options|missing-correct-answer|ocr-review-required|answer-needs-review,সমাধান: সারসিনেট ভারনেশন: মুকুল অবহায় পাতার কুওলী পাকানো অবস্থাকে সারসিনেট ভারনেশন বলে।,[]
previous_year,,,120,18,draft,hard,needs_review,,genetics,missing-or-unreadable-options|missing-correct-answer|ocr-review-required|answer-needs-review,সমাধান:শিথাল জিন: যেসব জিন হোমোজাইগাস অবস্থায় উপস্থিত থাকলে সংশ্লিষ্ট জীবের মুত্যু ঘটে সেসব জিনকে লিথাল জিন বলে।,[]
previous_year,,,125,52,draft,easy,needs_review,,human-physiology,missing-or-unreadable-options|missing-correct-answer|ocr-review-required|answer-needs-review,পরজীবী ছত্রাকের গোষক অঙ্গ হিসাবে ব্যবহৃত হয় কোনটি? )বড়হয় ® ছোট হয় (ys )স্টাইস (9) কোন পরিবর্তন হয়না (৫) কোনটিই নয় pti tome 51. কোনটি অমরা থেকে ক্ষরিত হরমোন নয়?,[]
previous_year,,,125,55,draft,easy,needs_review,,botany|human-physiology,missing-or-unreadable-options|missing-correct-answer|ocr-review-required|answer-needs-review,ER-RERORM)=w+3xtl ও ও ইন্ট্রেজেন চে) যলেন্টেরন এবং 82) = 2১--3 হলে 8০02) =F? (oy লুটিনাইজিং হরমোন (৫) সবগুলোই ৬5 ৮15 OB ৬19 ৩2. কোনটি জলজ উদ্ভিদ নয়?,"[{""label"":""a"",""text"":""Potamogeton nodosus (8) Wolfia microscipia""}]"
previous_year,,,125,46,draft,medium,needs_review,,cell-biology,missing-or-unreadable-options|missing-correct-answer|ocr-review-required|answer-needs-review,ঘাস ফড়িংয়ের পুঞ্জাক্ষির কোন অংশটি আলো গ্রহণ করে? 59. জেনারেটিভ কোষ কোথায় থাকে? Fm (৮) র্যাবডোম © 1s (০) পরাগনালির অভ্যন্তরে (9) কনিয়াজেন কোষ (৫) ক্রিস্টালাইন কোষ (©) গর্ভপতরে (৫) পুংকেশরে,[]
previous_year,,,125,47,draft,easy,needs_review,,botany,missing-or-unreadable-options|missing-correct-answer|ocr-review-required|answer-needs-review,টুইস্টেড এস্টিভেশন থাকে কোন ফুলে? 60. শৈবালের গায়ে জন্মানো শৈবালকে কী বলে? (8) গন্ধরাজ (৮) বাবলা,"[{""label"":""a"",""text"":""লিধোফাইট (৮) এন্ডোফাইট (9 আক্দ Ww (© এপিফ্কইট (ares""}]"
previous_year,,,125,48,draft,easy,needs_review,,botany|human-physiology,missing-or-unreadable-options|missing-correct-answer|ocr-review-required|answer-needs-review,"HIV রক্তের কোনটিকে আক্রমণ করে? ও সাক we (9) অগুচক্করিকা (৫) FET @® প্যারাইটাল ® Germ 45, x= VT সমীকরণের মূল তিনটির ভণফল কত? (9) স্ফেনয়েড (4) কোনটিই নয় “ 0 o J * § © এক জোড়া সরলরেখা (0) পরাবৃত্ত (© যাইব্রিডাইজেশন 0) কাটিং Og (৫) অধিবৃত ৩5. মানব দেহের সবচেয়ে বড় গ্রন্থি হলো- 49. ৪ কোণ 50° থেকে বেড়ে 1807 হলে- Wah [Chika (0) ০০৪৪ এর মান 0 থেকে কমে -?1 হবে © reef ও) যকৃত (0) sin ৪ এর মান 1 থেকে কমে 0 হবে ৩57. নেষ্রিডিয়াকী? (8) ০০০৪ এর মান 0 থেকে বাড়তে থাকবে (8) কেঁচোর চলন অঙ্গ ® কেঁচোর শন অঙ্গ নিচের কোনটি সঠিক? (©) কেঁচোর রেচন অঙ্গ (©) কেঁচোর প্রজনন অঙ্গ য় Oil লেয়ার ওয়ায ই ছে > Leen (20",[]
previous_year,,,127,13,draft,easy,needs_review,,zoology|taxonomy,missing-or-unreadable-options|missing-correct-answer|ocr-review-required|answer-needs-review,হলিন মাছের শ্রেণিবিন্যাস 00703) লিখ।,[]
previous_year,,,127,15,draft,easy,needs_review,,cell-biology,missing-or-unreadable-options|missing-correct-answer|ocr-review-required|answer-needs-review,কোষ বিভাজনের প্রস্তুতি পর্যায় বলতে কী বুঝায়?,[]
previous_year,,,127,13,draft,medium,needs_review,,plant-physiology,missing-or-unreadable-options|missing-correct-answer|ocr-review-required|answer-needs-review,উচ্চতর উড়িদের সংঘচিত সালোকসংশ্লেষণ প্রক্রিয়ার রাসায়নিক বিক্রিয়াটি লিখ।,[]
previous_year,,,127,20,draft,easy,needs_review,,human-physiology,missing-or-unreadable-options|missing-correct-answer|ocr-review-required|answer-needs-review,সিন্টোলিক ও ডায়াস্টোলিক রক্তচাপ কী? শা fm ie সণ ANEIERN পরিবর্তনে ge eo. | —-,[]
previous_year,,,132,13,draft,easy,needs_review,,zoology,missing-or-unreadable-options|missing-correct-answer|ocr-review-required|answer-needs-review,সমাধান: ইলিশ মাছের শরেণিবিন্যাস 00005) Fra Phylum: Chordata Sub phylum: Vertcbrata Class: Actinopterygii Onder: Clupeiformes Family: Clupeicae Gems: Tenualosa Species: Tenualosa isha,[]
previous_year,,,132,14,draft,easy,needs_review,,cell-biology,missing-or-unreadable-options|missing-correct-answer|ocr-review-required|answer-needs-review,"সমাধান: ঘাস ফড়িং এর NAR প্রধান চারটি অংশের নাম নিয়রূপ। PER Gi) শ্বাসনালি বা ট্রাফিয়া Gil) ট্রাকিওল (iv) বায়ুথলি 15, সমাধান: কোষের অবিভাজনরত অবস্থাকে ইন্টারফেজ বলা হয়। এই অবস্থায় GRIT বহু orgy Rem Re ঘটে থাকে। এম. ফেজকে মোইটোটিক দশা) সুসম্পন্ন করতে সব ধরনের প্রস্তুতি এহণ করা হয় এই ET এই অবস্থাকে কোষ বিভাজনের প্রস্তুতি পর্যায় বলা হয়।",[]
previous_year,,,132,16,draft,easy,needs_review,,cell-biology,missing-or-unreadable-options|missing-correct-answer|ocr-review-required|answer-needs-review,সমাধান: বিশেষভাবে ors নির্দিষ্ট সংখ্যক কোষের of হলো সিনোবিয়াম।,[]
previous_year,,,132,14,draft,easy,needs_review,,genetics,missing-or-unreadable-options|missing-correct-answer|ocr-review-required|answer-needs-review,FEMI JUCN ~ Intemational Union for Conservation of Nature and Natural Resources. ‘WCU ~ World Conservation Union. DD - Data Deficient. RNA - messenger Ribo-Nucleic Aci,"[{""label"":""d"",""text"":""15, সমাধান: জিনোম শিকুয়েন্সিং: DNA অণুর S96 ATGC বেসগুলো যে অনুক্রমে সজ্জিত থাকে তা হলো জিনোম সিকুয়েন্স, আর এই rar উদঘাটন করাই হলো জিনোম Frc ছটা veers |""}]"
previous_year,,,136,22,draft,easy,needs_review,,,missing-or-unreadable-options|missing-correct-answer|ocr-review-required|answer-needs-review,"প্রোটিনের টারসিয়ারী গঠনে কোন বন্ধন থাকে? fog(4) এবং gof(~3) এর মান কতা? @ (৬) ভাইনালফাইড (3) 4225,720","[{""label"":""b"",""text"":""4020,725 (0) 4120,730 (৫) 4225,730 H (4) সবগুলো toc irre 46. একজন পরীক্ষার্থীকে 12 টি পর্ন খেকে 7 চি প্রশ্নের উতর দিতে ্ y হবে। তাকে প্রথম 6 টি থেকে ঠিক 4 টি প্রশ্ন বাছাই করতে হবে। @ এলানিন © গ্লাইসিন সে কত প্রকারে প্রশ্নগলি বাছাই করতে পারবে? ৩) লাইসিন (4) টাইরোসিন @7s ©3000 (@©45 @9%5 খ-শাখা (এচ্ছি""},{""label"":""a"",""text"":"": জীববিদ্যা বা ICT fe ] 93. যেজিন অন্য ডিনের বৈশিষ্ট্য কাশে ঝা দেয় তাকে কী বন (৯) এপিস্ট্যাটিক জিন © হাইপারস্ট্যাটিক জিন""}]"
previous_year,,,136,51,draft,hard,needs_review,,genetics,missing-or-unreadable-options|missing-correct-answer|ocr-review-required|answer-needs-review,"PCR পদ্ধতিতে দিসূত্রক DNA কে কত তাপমাত্রায় একক সূত্র (৩)লিখাল জিন (৫) কমপ্রিমেন্টারী জিন করা হয়? 64. হৃচক্র সম্পন্ন করতে ভেস্ট্রিকলের সিস্টোল ও ডায়াস্টোলের @50°C (৮)70%৫ (990°C ()110%0 fer যথাক্রমে - 52, প্রথম বায়োটেক ড্রাগ কোনটি? (3)0.35 ও 0.55 (®)035€07s","[{""label"":""a"",""text"":""হিউমুলিন (৬) ইন্টারফেরন (©0.159075 (4)0.15 ও 055 ৩) সিগেল সেল প্রোটিন (৫) ইরাইগ্রোপোইটিন 66. মানুষের শরীরের কোন হাড়টিতে 'ডেলটরেড চিউবারেসিটি'""}]"
previous_year,,,136,54,draft,easy,needs_review,,,missing-or-unreadable-options|missing-correct-answer|ocr-review-required|answer-needs-review,রিকরিনেন্ট প্রাসমিভকে কোন পরায় বাহক ৪.০! ভে প্রবেশ | পক রয়েছে? র্‌ colt ডে প্রবেশ,"[{""label"":""a"",""text"":""টিবিয়া-ফিবুলা (৮) ফিমার haha (9) হিউমেরাস @ wi (@ Bra (৮) ইনফেকশন 67. নিচের ফোনটি খাদ্য পরিপাকের সাথে সংশ্লিষ্ট নয়? (৩) উ্রান্সফরমেশন (@ ফার্যেন্টেন (9) ট্রিপসিন (৮) লাইপেজ (০) কলাজিনেজ (৫) ইনসুলিন""}]"
previous_year,,,136,55,draft,easy,needs_review,,cell-biology|human-physiology,missing-or-unreadable-options|missing-correct-answer|ocr-review-required|answer-needs-review,রক্তের আযালার্জিক এন্টিবডি ধ্বংস করে কোন লিউকোসাইট? | 70. UTE অকেজো কোষসমূহকে ধ্বংস করে কোনটি? ) (2) মনোসাইট (৬) লিস্ফোসাইট (9) ইভিওসোম (৮) পারঅক্সিসোম (9) বেলোফিল (৫) ইওসিনোফিল ও লাইসোসোম Chad,[]
previous_year,,,136,58,draft,easy,needs_review,,cell-biology,missing-or-unreadable-options|missing-correct-answer|ocr-review-required|answer-needs-review,পাটে ডিপ্লয়েড (27) ক্রোমোসোমের সংখ্যা - Extra Syllabus @2 OU (৩18 (446 53. a - ) াখের অভ্যস্তরীণ ও বাহিযিক চাপ নিয়ন্ত্রণ করে কোনটি? ৩9. হাইছার আদর্শ নেমাটোসিস্ট বাহ্‌ কী দিয়ে পূর্ণ থাকে? (9) Sr হিউমার ৬) রড কোষ (৪) ফেনল (৬) পানি (©) সিলিয়ারি অঙ্গ (4) কনজাংকটিভা (০) হিপনোটজ্সিন (৫) স্টেরিওলিন 56. বাংলাদেশের বিলুপ্তপ্রায় উড়িদ-,[]
previous_year,,,137,57,draft,hard,needs_review,,genetics,missing-or-unreadable-options|missing-correct-answer|ocr-review-required|answer-needs-review,শৈবালের অপকারী দিক কোনটি? 65. রে কিসের মাত্রাকে কিডনি রোগ নির্ণয়ের নির্দেশক বলা হয়? (৭) বায়োফুয়েল তৈরি (৬) মাটির বয়স নির্ণয় (5) কাইমোট্রিপসিন 0) ক্রিয়েটিনিন (9) Argus অক্সিজেন যোগ (4) ওয়াটার বুম তৈরি (© অরনিধিন © ৮-আরজিনেজ,[]
previous_year,,,137,61,draft,easy,needs_review,,human-physiology,missing-or-unreadable-options|missing-correct-answer|ocr-review-required|answer-needs-review,"a রদ AR ET] স্থাপনের কাজে কোন হরমোন | 88, fag cre fs স্বাদের অনুভূতি নিয়ে আসে ফোন সাম LH (FSH (৬) ভেন্টিবুলার © ককলিয়ার ৫৩) এস্ট্রোজেন (@ পরজেস্টেরন (© SRR (4) cfr",[]
previous_year,,,137,62,draft,easy,needs_review,,human-physiology,missing-or-unreadable-options|missing-correct-answer|ocr-review-required|answer-needs-review,"নিচের কোনটিতে সর্বোচ্চ পরিমাণে কোলেস্টেরল পাওয়া যায়? 69. CO জ্বরে আক্রান্ত রোগীর রক্তে কোনটির উপস্থিতি পাওয়া যায়? (৪) চুপরি আলু (৮) সায়ানোব্যাটটেরিয়া ০18 (©) 1gK, (ey ওলকচু @ মুখীকচু (918১ (৫) কোনটিই নয় ঙাোলগণিত আইসিটি-র সকল প্রশ্নের মান-১ ; গণিতের সকল প্রশ্নের মান ২ “Short Syllabus. 79. DNs এর পূর্ণ ূপকী? . . (2) Digital Neme System (৬) Domain Name System",[]
previous_year,,,141,11,draft,hard,needs_review,,genetics,missing-or-unreadable-options|missing-correct-answer|ocr-review-required|answer-needs-review,কার্নোইজ্জিনের দক্ষতা শতভাগ পেতে হলে গ্রাহকের উষ্ণতা হবে- | 26. সর্বাধিক আয়নিক প্রকৃতির যৌগ- @0K ©)27316K © 0°C,"[{""label"":""d"",""text"":""100°C @ACl;, ®)FeCly ()CaCl, (৫) Mel,""}]"
previous_year,,,143,54,draft,easy,needs_review,,zoology|human-physiology,missing-or-unreadable-options|missing-correct-answer|ocr-review-required|answer-needs-review,দ্িন্তরী প্রাণীর et বিদ্যমান স্তর দুটি হল- ৩8. কোনটি ট্রপিক হরমোন নয়?,"[{""label"":""a"",""text"":""এক্টোডার্ম ও NCTA (8) এক্টোডার্ম ও এন্ডোডার্ম (৭) লুটিনাইজিং হরযোন (LH) ০) এন্ডোডার্ম ও মেসোডার্য (৫) cA © মেপোডার্য (৮) থাইরয়েড উদ্দীপক হরমোন (TSH)""}]"
previous_year,,,143,55,draft,medium,needs_review,,human-physiology,missing-or-unreadable-options|missing-correct-answer|ocr-review-required|answer-needs-review,RI থেকে গ্লাইকোজেন সংশ্লেষণের প্রক্রিয়াকে বলে- (©) প্রোল্যাকটিন হরমোন (BRL),"[{""label"":""a"",""text"":""গ্লাকোলাইসিস © ধুকোনিওজেনেসিস (4) প্যারাথরযোন চোদ) (©) গ্লাইকোজেনেসিস ৫) গ্লাইকোজেনোলাইসিস | 59. কোন আযামিনো এসিড প্রোটিনের অংশ য়? ৩6. পরিণত লোহিত কণিকায় কোনটি থাকে না? (৯) প্রেলিন (৬) cat নৌ বিযোয়োদিন © Pra (9) সিসটিন (৫) টাইরোসিন ৩) নিউক্লিয়াস (4) পানি""}]"
previous_year,,,143,57,draft,easy,needs_review,,human-physiology,missing-or-unreadable-options|missing-correct-answer|ocr-review-required|answer-needs-review,nel tt (Topic vv. 60. একাধিক মনোস্যাকারাইড সংসুক্তকারী বন্ধনের নাম কী? (৩) ডান নিশয় থেকে রক্ত ডান অলিন্দে ফিরে যেতে দেয়না © এন্টার বন্ধন (9) পলাইকোসাইডিক বদন (৬) বাম নিলয় থেকে রক্ত বাম অলিন্দে ফিরে যেতে দেয় না (এ ফলকোভাইএপ্টার বন্ধন (@ crite (©) TPE থেকে ডান নিলয়ে রক্ত আসতে দেয় না ৩১. চোখের ছানিয ATL ব্যবহৃত এনজাইম (4) উপরের সবগুলো করে (® crf © রেনিন,[]
previous_year,,,143,63,draft,easy,needs_review,,genetics|microbiology,missing-or-unreadable-options|missing-correct-answer|ocr-review-required|answer-needs-review,কোনটি DNA ভাইরাস? ৬1৬৭ © led এ) হেপাটাইটিস-বি 0) হেপাটাইটিস-সি ne les (© হেপাটাইটিস-এ (4) হেপাটাইটিস-ডি 65. বস্তুর প্রতিবিদ্ব তৈরি হয় চোখের কোন অংশে? ০6. কোনটি সমান্তি কোডন নয়? ওেক্নয় ০০) রেটিনা ৬৮১৪ (HUAA (AUG (HUGA © (4) আযাকুয়াস হিউমার ছা ০ ows Fo.,[]
previous_year,,,149,68,draft,easy,needs_review,,human-physiology,missing-or-unreadable-options|missing-correct-answer|ocr-review-required|answer-needs-review,রক্ততঞ্চনের ER নামে পরিচিত? জম (৯) ক্রিসমাস ফ্যাষ্টির ০) ob ফ্যাক্টর Short Syllabus (0) Rf ফ্যাক্টর,[]
previous_year,,,149,9,draft,medium,needs_review,,,missing-or-unreadable-options|missing-correct-answer|ocr-review-required|answer-needs-review,"সবাত ""FT প্রক্রিয়ায় ইলেকট্রন প্রবাহের ফলে নিচের কোনটি (৩) এ্যান্টিহিমোফিলিক ফ্যাটর উৎপন্ন হয়? 69. নিচের কোন অণুজীব পাটের আঁশ ছাড়াতে সাহায্য করে?","[{""label"":""a"",""text"":""Clostridium""},{""label"":""b"",""text"":""Azotobacter Gums masa awn Ome ০. দেহে স্বাভাবিক অবস্থায় ভাইরাসের বিরুদ্ধে প্রতিরোধ গড়ে 70 কোন এনজাইমটি জৈব প্রযুক্তিতে জোড়া লাগানোর কাজে তোলে কোনটি? ব্যবহৃত হয়? ৩) ফমল্লিয়েন্ট সিস্টেম [Chi] ()লাইপেজ ০) আ্যামাইলেজ (৩) ইস্টারফেরন (৫) নিউট্রোফিল (©) লাইগেজ (৫) নিউক্লিয়েজ""}]"
previous_year,,,149,2,draft,easy,needs_review,,human-physiology,missing-or-unreadable-options|missing-correct-answer|ocr-review-required|answer-needs-review,আ্যালভিওলাইগুলো থে ব্যবধায়ক পর্দার মাধ্যমে পৃথক থাকে তার | 71. মানুষের রক্ত গ্রুপিংয়ের জন্য দায়ী প্লাজমা Af অবস্থিত Awd প্রোটিনের নাম কী? (2) SRT (৮) এপিথেলিয়াম,"[{""label"":""a"",""text"":""গ্লোবিউলিন (৬) cena (© BR @ gm (০) ফাইর্রিনোজেন (৫) আযান্টিজেন""}]"
previous_year,,,149,6,draft,medium,needs_review,,cell-biology,missing-or-unreadable-options|missing-correct-answer|ocr-review-required|answer-needs-review,SAN থেকে AVN. উদ্দীপনার ঢেউ পরিধহনে কত সেকেন্ড | 72. ষ্যাকটেরিয়ার কোষ প্রাচীরে থাকে- দেরি হয়? (৬) সেলুলোজ ® পেকটিন (৬১০15 সে. (০১০25 সে. (9 কাইটিন © মিউকোপেপটাইড ৩)০০5লে. (9)০35সে. 73. গ্লাইকোলাইসিস কোথায় সংঘটিত হয়?,[]
previous_year,,,149,7,draft,easy,needs_review,,microbiology,missing-or-unreadable-options|missing-correct-answer|ocr-review-required|answer-needs-review,নিচের কোন পদ্ধতিতে ভাইরাসমুক্ত উড়িদ তৈরি করা হয়? (9) ক্লোরোগ্লাস্টে ©) লিউকোগ্লাস্টে,"[{""label"":""a"",""text"":""মেরিস্টেম কালচার (০) ইনভিট্রো কালচার (9 সাইটোগ্লাজমে (৫) মাইটোকস্টিয়ায় (9) ক্লোনিং (4) টিস্যু কালচার 74. অসি যে আবরণ দ্বারা আবৃত থাকে তাকে বলে-""}]"
previous_year,,,149,9,draft,easy,needs_review,,,missing-or-unreadable-options|missing-correct-answer|ocr-review-required|answer-needs-review,নিচের কোন এনজাইমের করিয়ায় জটিল শর্করা বিস্লেষিত হয়? 0) পেরিতন্টিয়াম ৬) crf,"[{""label"":""a"",""text"":""আ্যামাইলোলাইটিক (8) প্রোটিওলাইটিক (© পেরিকাড্ডিয়াম (4) corti (9) লাইপোলাইটিক @ পেপটিওলাইটিক 75. খাদ্যনালির কোন অংশের কোষ দারা Te শোষিত হয়?""}]"
previous_year,,,149,4,draft,easy,needs_review,,plant-physiology|microbiology,missing-or-unreadable-options|missing-correct-answer|ocr-review-required|answer-needs-review,Rm বিশ্ব যুদ্ধের সময় bons চাহিদা যেটাতে কোন | 78. সালোকসংশ্লেষণের সময় পানি থেকে ইলেকট্রন পরিবহন করতে অপুলাবটি কাম্চর কর হয়? কোন যৌলগুলো সহায়তা করে? (৬) ব্যাকটেরিয়া ৬) ভাইরাস লাস ওয ®)MneCl (© পেনিসিলিন ইষ্ট Nasal @FesCu,[]
previous_year,,,149,55,draft,easy,needs_review,,botany|human-physiology,missing-or-unreadable-options|missing-correct-answer|ocr-review-required|answer-needs-review,ফল ও বীজের বৃদ্ধির জন্য নিচের কোন ফাইটোহরমোন প্রয়োজন? | 80. উদ্ভিদের কোন অংশটি জনন কাজে অংশগ্রহণ করে না? (৭) জিব্বেরেশিন (0) সাইটোকাইনিন (@ গর্ভমুও 0১) পুকেশর (©) ফ্লোরিজেন (@ পেরিলিফ OF (৫) পরাগখলি ছা ts as von. [ডু,[]
previous_year,,,162,59,draft,hard,needs_review,,genetics,missing-or-unreadable-options|missing-correct-answer|ocr-review-required|answer-needs-review,কোনটি ডিএনএ ভাইরাল? me @HAV মদদ (HCV,"[{""label"":""d"",""text"":""HEV © Ly 3 © পা @3 ৪0. মূলের Rare কী বলে? 71. ১৭১ ও রেখাটি এবং ম- অক্ষের সাপেক্ষে এর প্রতিবিস্ব (8) এপিজারিস (8) era fy অক্ষের সাথে যে বরিভুজ তৈরী করে তার ক্ষেত্রফল © হাইডাথেড (4) cfr w=""}]"
previous_year,,,162,63,draft,easy,needs_review,,cell-biology,missing-or-unreadable-options|missing-correct-answer|ocr-review-required|answer-needs-review,মানবদেহের দীর্ঘতম কোষ কোনটি? 74. সমীকরণ = 0 বৃত্তের একটি ব্যাস এবং কেন্দ্র থেকে,"[{""label"":""a"",""text"":""FEI""},{""label"":""b"",""text"":""রক্তকোষ ১ - 2 স 0 স্পর্শকের দুরত্ব 2 হলে, বৃত্তটির সমীকরণ কী? (©) মেলানিন (৫) গ্লাইসিন জম +১২-ক০০ (৮৮ +১২+4-০""}]"
previous_year,,,162,66,draft,easy,needs_review,,,missing-or-unreadable-options|missing-correct-answer|ocr-review-required|answer-needs-review,নিয়োক্ত কোন পাচক রসে এনজাইম থাকে না? @60° চ)% 9120 (41505,"[{""label"":""a"",""text"":""আস্তিক রস (0) অগ্ন্যাশয় রস 77. sin20°-sind0° Sin60* - sing0® <7 © freer © কোনটিই নয় ওয় om ef ওর""}]"
previous_year,,,163,70,draft,hard,needs_review,,genetics,missing-or-unreadable-options|missing-correct-answer|ocr-review-required|answer-needs-review,কোনটি সু জিন নিয়ন্ত্রিত বৈশিষ্ট্য? @m=3 ©m=-3 @m=4 @me—t (৪) হিমোফিলিয়া )কানের লোম (০) রাতকানা @ বর্ণাঙ্ধতা স্তর 71. কোনটি Pasceas গোত্রের ফলের প্রকৃতি?,"[{""label"":""a"",""text"":""ক্যারিওপসিস (0) বেরি""}]"
previous_year,,,163,58,draft,medium,needs_review,,microbiology,missing-or-unreadable-options|missing-correct-answer|ocr-review-required|answer-needs-review,Mesoglea কোথায় সবচেয়ে পুরু? (৩) ব্যাকটেরিয়া (4) ভাইরাস ও) fe ©) পাদ চাকতি 74. কোনটিতে লাইসোজেনিক চক্র দেখা যায় না? © cE (৫) Pete © Lambda ফায় © Pm,[]
previous_year,,,163,59,draft,easy,needs_review,,microbiology,missing-or-unreadable-options|missing-correct-answer|ocr-review-required|answer-needs-review,মানবদেহে কয়টি লালা aff রয়েছে? © (OM ফায় @e ৬১৪ ©¢ ৫৬৬ 75. কোন ভাইরাসের ফলে শিশু অপরিণত af নিয়ে জন্মায়?,[]
previous_year,,,163,60,draft,easy,needs_review,,cell-biology,missing-or-unreadable-options|missing-correct-answer|ocr-review-required|answer-needs-review,কোনটি মিশ্র গ্রন্থি নয়? ০)নিণা (৬)ছিকা (9) ইবোলা (4)সোয়াইনফ্ক (৭) অগ্ন্যাশয় (৮) মলাশয় (0) শুক্রাশয় (৫) ডিস্বাশয় 76. মায়োসিস কোষ বিভাজনের কোন উপ-পর্যায়ে বাইভ্যালেন্টের,[]
previous_year,,,163,61,draft,easy,needs_review,,,missing-or-unreadable-options|missing-correct-answer|ocr-review-required|answer-needs-review,কোনটি মানুষের fd মস্তিক নামে পরিচিত? EAP পরস্পরকে বিকর্ষণ করে? (2) FES (৮) এন্টেরিক ET (8) প্যাকাইটিন (8) ডিপ্লোটিন (©) মায়েন্টারিক গ্লেক্সাস (4) CMY ৩) ভায়াকাইনেসিস (4) জাইগোটিন © কেটি gers ছিতীয় তর? 77. কোন ery লিপিড বিপাক নিয়ন্ত্রণ করে? (2) <18.5 kgf (©)25-299 kg/m Efe ) মাইটোকন্ট্রিয়া (€)30:34.9 kg/m? (@ 35-399 kg/m? (9) গলগি বডি (এ) রাইবোসোম,[]
previous_year,,,163,63,draft,easy,needs_review,,,missing-or-unreadable-options|missing-correct-answer|ocr-review-required|answer-needs-review,কোনটি প্লাজমা প্রোটিন নয়? 78. কোনটি এক আবরণী অঙ্গাণু?,"[{""label"":""a"",""text"":""ক্রিয়েটিনিন (৮) ফাইব্রিনোজেন (@ কোষ গতর (৪) নিউক্লিয়াস এ) আ্যালবুমিন (৫) স্লোবিউলিন (© গলগি বডি (4) লেস্ট্রিওল""}]"
previous_year,,,163,64,draft,hard,needs_review,,human-physiology,missing-or-unreadable-options|missing-correct-answer|ocr-review-required|answer-needs-review,মানবদেহে কোথায় সবচেয়ে বেশি রক্ত প্রবাহিত হয়? 79. চ15-এ ইলেকট্রনের সর্বশেষ গ্রহীতা কোনটি? (৯) যকৃৎ OIE OF (৫) ফুসফুস (=) FAD (৮) কো-এনজাইম Q ৪5. রক্তের কোন পরীক্ষার মাধ্যমে হার্ট ফেইলিউর সম্পর্কে নিশ্চিত ০36৯ (এ) অক্সিজেন হওয়া যায়? ৪0. প্লাসমিড এহণের জন্য বিশেষ পরিবেশ সৃষ্টিতে কোনটি ব্যবহার @BNP (CBC (৩78৮ (4) HBsAg 'করা হয়?,[]
previous_year,,,171,1,draft,easy,needs_review,,botany,missing-or-unreadable-options|missing-correct-answer|ocr-review-required|answer-needs-review,"নিচের কোন অরবিটালটি ভাছেল আকৃতির? 48. 18841 ক্যাথোডে re করতে প্রয়োজনীয় বিদ্যুতের পরিমাণ- @a=41=3 ®a=11=0 @20F ®15F ©25F (3OF ©@n=21=0 @n=31=1 49. স্থির তাপমাত্রায় গ্যাসের বর্গমূল গড় বর্ণ বেগের মানের কোন ১. N30, = 2NO, বিক্রিয়ার জন্য 30°C তাপমাত্রায়. ক্রমটি সঠিক? Kp = 32 atm এবং মোট চাপ 2 09 হলে বিয়োজন মাত্রা @N>H>C0; চে॥নহস মম: ০০২ 2 Poy 5 ©C0:>N>H, (@N;>C0;>H, ®% OF OF @390 | eee FE ইলেকট্রোডে 11:50, এর জয় দ্রবণকে তড়িৎ বিশ্লেষণ (8) আইসোটোপ (৬) আইসোট্টোন করলে SATS কোনটি উৎপন্ন হয়? (©) আইসোবার (4) আইসোমার @s 0১৩০০, 0 @ Mg 51. (1100); এবং (1011), এর বিয়োগফল কত?",[]
previous_year,,,172,67,draft,easy,needs_review,,human-physiology,missing-or-unreadable-options|missing-correct-answer|ocr-review-required|answer-needs-review,FRAC TAHT ও বক্ষচক্রে রক্ত সরবরাহ করে কোনটি? @23N ®I2N ৩2 (@3VaN,"[{""label"":""a"",""text"":""সিলিয়াকো-মেসেন্টরিক (৮) প্যারাইটাল 79. (7) = (© ইলিয়াক @ সাবর্ল্যাডিয়ান ৬০ BE ee @2""}]"
previous_year,,,172,68,draft,medium,needs_review,,zoology,missing-or-unreadable-options|missing-correct-answer|ocr-review-required|answer-needs-review,"কোন পর্বের প্রাণীতে Rend ক্লিভেজ দেখা যায়? 80. 7, = 2+1 WR, = 341 হলে, 2,7; এর মড়ুলাস- প্র (5) Chordata @6 GNI ©7 @sv3 0৩) Annelida","[{""label"":""d"",""text"":""Mollusc""},{""label"":""a"",""text"":""@""}]"
previous_year,,,172,70,draft,hard,needs_review,,genetics|cell-biology|cell-division|human-physiology,missing-or-unreadable-options|missing-correct-answer|ocr-review-required|answer-needs-review,"ম0+5)4-5 = 1 ব্ররেখাটির 1,0) বি্দুতে স্পর্শকের ঢাল- (২) আামাইটোসিস ৬) নাইটোসিস @-1 ০৩৫ ০1 @2 (© মিয়োসিস (4) জেনেটিক ইঞ্জিনিয়ারিং A= [৪] একটি 3 x 3 আকারের বর্গ WG যেখানে, 3g = | TNS গখং২& এর নিউক্লিয়াস ত্যাগের ধাপ নয় কোনটি? 20+), ঘন, i>) (9) ক্যাপিং (8) টেইলিং (৩) রিপেয়ারিং (৫) স্মলাইসিং +, ix i} wn ট্রেস কত? ৩8. Ebola ভাইরাসের আক্রমণে দেহের কী ্ষতি হয়? i=) wa 151 (৪) কিডনি নষ্ট হয় ©) দেহের কোষ ফেটে যায় গত ০৬১১ ০12 (10 ৩) কোষ বিভাজিত হয় (৫) রক্তশূন্যতা দেখা দেয়",[]
previous_year,,,172,72,draft,easy,needs_review,,botany,missing-or-unreadable-options|missing-correct-answer|ocr-review-required|answer-needs-review,AY =0 ও y= VE RT OT পোলার | 59. কোনটি বেসাণবামুলীয় ্লাসেন্টেশনের উদাহরণ? হানাঙ্ক কতা (৬) ব্রিধারা (৪)ধান (9 সূর্যমদী (৫) সবগুলো ৯) ® {4-3 60. গাছের পাতা বড় হওয়ার জন্য কোন ভাজক টিস্যুর ভূমিকা © ©) mo,[]
previous_year,,,172,75,draft,hard,needs_review,,genetics,missing-or-unreadable-options|missing-correct-answer|ocr-review-required|answer-needs-review,"pe + 4১২ = 1 উপবৃতটি(ক2,0) বিন্দু দিয়ে যায়। p এর জা - 1 দাহতত কত a উদিন সৃষ্টিতে কোন এনজাইম ব্যবহার করা হয়? A A (৩) নিফ জিন (১) বিটা ক্যারোটিন wx OF ও @z (© AtNEXI @ fei",[]
previous_year,,,173,66,draft,medium,needs_review,,cell-biology|zoology,missing-or-unreadable-options|missing-correct-answer|ocr-review-required|answer-needs-review,টেলোফেজ-২ ধাপে কোথায় নিউক্লিওলাস সৃষ্টি হয়? 78. পুরুষ ঘাসফড়িংয়ের মাশরুম গ্রন্থিতে কোন রেডন অঙ্গ পাওয়া যায়? (0) ক্রোমাটিড © ceri (2) ইউনেট কোষ (8) ইউরিকোজ গ্রন্থি (© ট্র্যাকশন ফাইবার (৫) স্যাট ত্রোমোজোম (©) নেফ্রোসাইট (৫) কিউটিকল,[]
previous_year,,,173,67,draft,medium,needs_review,,microbiology,missing-or-unreadable-options|missing-correct-answer|ocr-review-required|answer-needs-review,FAT সার্কোমা কোন ভাইরাসের কারণে হয়? 79. একজন ৬ বছরের বালিকার দাঁতের সংকেত (IPM) কোনটি? (2) হেপাটাইটিস 0৬) প্যাপিলোমা (@ 1G; PM; (৬) CRM; (০) ইপস্টেইন-বার (৫) হার্পিস সিমপ্লেক্স (91১03 ৮09 (9) 1209 Mz,[]
previous_year,,,173,68,draft,easy,needs_review,,human-physiology,missing-or-unreadable-options|missing-correct-answer|ocr-review-required|answer-needs-review,লিউক্লিওটাইডের ভাণ্ডার কোনটি? 80. যকৃত ফোন হরমোনটি অপেক্ষাকৃত দ্রুত ধ্বংস করে? @ নিউক্লিয়াস ৩) নিউক্লিওলাস (9) টেস্টোস্টেরন (8) ইনসুলিন (০9) মাইটোকন্দ্রিয়া (৫) রাইবোসোম (9) আন্টি হরমোন (৫) STE,[]
previous_year,,,173,69,draft,medium,needs_review,,cell-biology,missing-or-unreadable-options|missing-correct-answer|ocr-review-required|answer-needs-review,সর্পিলাকার ক্লোরোপ্লাস্ট কোথায় দেখা যায়? বস (৩) Ocdogoniun © Zygnena,[]
previous_year,,,173,72,draft,easy,needs_review,,cell-biology,missing-or-unreadable-options|missing-correct-answer|ocr-review-required|answer-needs-review,"OTR TT অভাব হে প্রথম কোন কোষের মৃত্যু ঘটা? | (4 যাদি nC wien 3x, 45 এবং 4১: ১ TET © পেশি বো ০) মানু কোষ Matrix হয় এবং DT = AT + (87 x 0 হয় তবে D এর ©rse wee মাত্রা কোনটি?",[]
previous_year,,,173,73,draft,easy,needs_review,,plant-physiology,missing-or-unreadable-options|missing-correct-answer|ocr-review-required|answer-needs-review,কোনটি ০: উদ়িদের ক্ষেত্রে প্রযোজ্য? (৬) উচ্চভাপমাত্রায় খাপ খাওয়াতে অক্ষম @3xS চোেরসড 053 ব)5সর ৬) জ্রাঙ্জ আযানাটারি বিদ্যমান ৩9. EL = 1 অধিবৃত্তের অসীমতটদ্ধয়ের ঢালঘয়ের ওপফল কত? (9) CO; এর ঘনত্ব বেশি হওয়া প্রয়োজন @F 6-5 oF ও (0) সালোকসংশ্লেষণের হার কম 60. একটি বাসকে স্থির অবস্থান হতে 2185-* AGH চলতে দেখে,[]
previous_year,,,181,10,draft,easy,needs_review,,,missing-or-unreadable-options|missing-correct-answer|ocr-review-required|answer-needs-review,বাফার দ্রবণে অন্ন ও এ STH অনুবন্ধী ক্ষারকের ঘনমাত্রা সমান উপযোগী? হলে-,"[{""label"":""a"",""text"":""Bg এসিড ও দুর্বল ক্ষার (4) pH = pK, (6) pH > pK, (8) দুর্বল এসিড ও Sig ক্ষার (911 এ pK, (৫) কোনোটিই নয় (9) দুর্বল এসিড ও দুর্বল ক্ষার (1. কোন ক্ষেত্রে 0002 গ্যাস উৎপন্ন হয়? (৫) কোনোটিই নয় (9) 080 উন্মুক্ত রাখলে 49. বেনজিন চকে ~CF, মূলক থাকলে কোন কার্বনে ইলেকট্রন (৮) 080 রাখলে বন্ধ অবস্থায় ঘনত্ব বেশি থাকে? (9) CHC, কেরোসিনে রাখলে (awd (0৮) প্যারা (৫) কোনটিই নয় (© abt (4) সবগুলিতে একই থাকে""}]"
previous_year,,,181,56,draft,easy,needs_review,,zoology,missing-or-unreadable-options|missing-correct-answer|ocr-review-required|answer-needs-review,কোনটি রুই মাছের প্রধান চলন অঙ্গ? OF ® fr (৯) বক্ষ পাখনা (৮) শ্রোণী পাখনা OF (৫) we © পুচ্ছ পাখনা [Chad ৩9. কোনটি শ্বদনের রাসায়নিক নিয়ন্ত্রণের উপাদান নয়?,[]
previous_year,,,182,63,draft,easy,needs_review,,,missing-or-unreadable-options|missing-correct-answer|ocr-review-required|answer-needs-review,কোনটি মাল্টিপল আযালিলিজমের উদাহরণ? বেগ কত? (2) ABOTIS গ্রুপ (৬) সমপ্রকটতা (৪) 40ms™,"[{""label"":""b"",""text"":""30ms™!""},{""label"":""c"",""text"":""20ms~!""},{""label"":""d"",""text"":""10705$-7 (© পরিপূরক জিন (8) এপিস্টেসিস 75. নেয় 0) + ০0753) + tnt (2) +a""}]"
previous_year,,,182,66,draft,easy,needs_review,,cell-biology,missing-or-unreadable-options|missing-correct-answer|ocr-review-required|answer-needs-review,প্রাণিকোষে GTR পোলারাইজড বিন্যাস কোন ধাপে | 77. (rey দেখা যায়? @2(e-1) ® 26+) (৬) লেপ্টোটিন (৮) জাইগোটিন @21-¢) @ e+) ৩) প্যাকাইটিন (4) ভায়াকাইনেসিস 7৪. lin =,[]
previous_year,,,183,58,draft,hard,needs_review,,genetics|zoology,missing-or-unreadable-options|missing-correct-answer|ocr-review-required|answer-needs-review,কতটি জিন লাইসোসোমের অটোফ্যাগী নিয়ন্ত্রণ করে? 71. কোন প্রাণী মনোট্রিম বহন করে? @8oB (৬১১৫টি (০১৬০টি (4)৫০টি © একিডনা (৮) ক্যাঙ্গার (০) কোয়ালা (৫) শুগুক,[]
previous_year,,,183,59,draft,easy,needs_review,,zoology|microbiology,missing-or-unreadable-options|missing-correct-answer|ocr-review-required|answer-needs-review,কোনটি ভাইরাসের বৈশিষ্ট্য নয়? 72. ঘাসফড়িং এর মেসেন্টেরন কোন Si ভর থেকে সৃষ্টি হয়? (৭) দৈহিক বৃদ্ধিনেহ (৮) ব্যাপন করা যায়না © «trend © মেসোটিয়া (© পুষটিকরিয়া নেই (৬) স্বাধীনভাবে প্রজননক্ষম নয় এ) এন্ডোডার্ম (4) ard © ৩০. SEITE রোগের জন্য দায়ী ভাইরাস কোনটি? 7. - আপতিত পুত নে বক য় @) ৯স on © Fens) ভেছিওলা ভইয়াস 74. গ্লাইকোজেনেলোইসিসের ফ্রিয়াহুল কোনটি? (9) র্যাবিস ভাইরাস (৫) ভ্যারিসেলা-জোস্টার ভাইরাস Ow (৬) মাংসপেশি,[]
previous_year,,,183,62,draft,easy,needs_review,,botany,missing-or-unreadable-options|missing-correct-answer|ocr-review-required|answer-needs-review,কোন উদ্ভিদে সচুড়পক্ষণ যৌগিক পত্র দেখা যায়? (©) নার্স af ও) হেপাটোসাইট (৭) গোলাপ FR FE (৫) বাঁদরলাঠি | 76. Joo IE কোন রোগটি হওয়ার সম্ভাবনা নেই?,[]
previous_year,,,183,70,draft,easy,needs_review,,botany,missing-or-unreadable-options|missing-correct-answer|ocr-review-required|answer-needs-review,কোন গাছের পাতা চিনির বিকষ্প হিসেবে ব্যবহৃত হয়? কোনটি? @ drabidopsis (8) Stevia @2eosx (0) ~2co0sx (0) কুপুম ফুল (4) গাজর (@-2sinx @2sinx rrr > পরিবর্তনের প্রত্যয়ে re পথচলা... 17,[]
previous_year,,,193,62,draft,easy,needs_review,,cell-biology|plant-physiology,missing-or-unreadable-options|missing-correct-answer|ocr-review-required|answer-needs-review,কোন কোষ অনাল্রম্যতার জন্য বিপদজনক? 76. একক আলো হিসেবে কোন বর্ণের আলোতে সালোকসংশ্লেষণ (৪) T লিস্ফোসাইট (8) B লিস্ফোসাইট সবচেয়ে ভালো হয়? ©NK Cell (৫) মনোসাইট (৬) লাল oF (বেগুনী (৫)কমলা,[]
previous_year,,,193,66,draft,hard,needs_review,,genetics,missing-or-unreadable-options|missing-correct-answer|ocr-review-required|answer-needs-review,ওটাইটিস মিডিয়া হলো দেহের তাপমাত্রা থাকে- জিন (© fem WIE (IF @©I0FF (9) 103F,[]
previous_year,,,193,70,draft,easy,needs_review,,microbiology,missing-or-unreadable-options|missing-correct-answer|ocr-review-required|answer-needs-review,"নিচের কোনটি দপ্তাকার ভাইরাস? গর 0-4 1 “= লাম wv 58. a=[f wm, deren) এর মান কত? © To ভাইরাস (৭) ইবোলা ভাইরাস @1 (©) -4 ©—-1 @-1",[]
previous_year,,,193,71,draft,easy,needs_review,,botany|microbiology,missing-or-unreadable-options|missing-correct-answer|ocr-review-required|answer-needs-review,"ভেল অপসারণে কোন ব্যাকটেরিয়ায় ব্যবহৃত হয়? 55. USE এর মান কত? * (2) Zooglea ramigera xo ©) Pseudomonas aeruginosa @-2 ®-1 ০৫ @3 ৬৪ 60০. পু ০৪৭1৮ হলে, ৪+ ৮৩৫ নি (৫) Clostridium , © z ® ত্র © z «@ z Co Sf অস্থানিক মূল থাকে? 61. 4(0,0),83,0) ও C(0,4) Frey ছারা গঠিত Reg (9) ধান (৮) অর্কিড (০১ অশথ (৫)আদা 'অন্তঃকেন্দ্রের স্থানাঙ্ক কত?",[]
previous_year,,,193,74,draft,easy,needs_review,,cell-biology|botany,missing-or-unreadable-options|missing-correct-answer|ocr-review-required|answer-needs-review,কোন গাছের পাতার তকে বুলিফর্ম কোষ পাওয়া যায় না? ০০.) (4) কোনোটিই নয়,"[{""label"":""a"",""text"":""আখ oF © (0) ঘাস 62. x+y = ০ রেখার সাপেক্ষে (-5,7) বিদ্দুর প্রতিবিম্ব কোনটি? 75, কোথায় মেসার্ক গঠন দেখা যায়? ৬০75) ® (7.5) OF mm @T (৫)মজ্জা @ 7-5) ও ছে ডর পন্য oe vom... হি""}]"
previous_year,,,201,49,draft,easy,needs_review,,cell-biology,missing-or-unreadable-options|missing-correct-answer|ocr-review-required|answer-needs-review,DEI (DICE GCE) ART WTAE ও (2) Domain Name System MATS প্রমাণ বিজারণ বিভব যথাক্রমে ~0.76V ও ©) Doman Name Server $034V | কোষটির সামিক বিজব- (©) Domain Number System @110V_ ®)-110V (042 (&) -042% (0) Domain Number of Server,[]
previous_year,,,201,50,draft,easy,needs_review,,,missing-or-unreadable-options|missing-correct-answer|ocr-review-required|answer-needs-review,নিচের কোনটি সবচেয়ে বেশি স্ষ্যরীয়? ৩4. সি ভাষায় তৈরি করা প্রোগ্রাম ফাইলের এক্সটেনশন কোনটি?,"[{""label"":""a"",""text"":""(0103)""},{""label"":""b"",""text"":""CH; = NH {""},{""label"":""c"",""text"":"".doc (0). xls. Nh ৩5. ডেটাবেজ থেকে কোনো তথ্য খোঁজার জন্য কোনটি ব্যবহার করা হয়? ওম @ ©) @XML MHTML SQL (§ DHTML খ-শাখা (বচ্ছি""}]"
previous_year,,,201,57,draft,easy,needs_review,,botany,missing-or-unreadable-options|missing-correct-answer|ocr-review-required|answer-needs-review,কোন উদ্ভিদের শুক্রাণু সর্ববৃহৎ? © dr ’,"[{""label"":""a"",""text"":""Gretwum (0) Ginkgo""},{""label"":""c"",""text"":""Pi""},{""label"":""d"",""text"":""Cre 66. কোষ চরের সং TE me “ @1020% (6) 30-40% ৩৪. কোনটি মাস টিস্যুর উদাহরণ? _ (93650% (70-90% শে পাতা ig ge 67. COT RSTO জন্য প্রয়োজনীয় শক্তি (ATR) তৈরি হয়? (৩) কাণ্ডের মজ্জার রশ্যি (৫) বর্ধনশীল জণ (২) প্রোফেজ (8) 0। দশ্য (০) 0:দশা (৫) দশ্য""}]"
previous_year,,,202,77,draft,easy,needs_review,,botany,missing-or-unreadable-options|missing-correct-answer|ocr-review-required|answer-needs-review,Ako +k ৬০ এর মান কত হবে? 68. অসথিভঙ্গ মূলত কত প্রকার? @-1 Be @-o 4)০ @ ®° © @1,[]
previous_year,,,202,79,draft,easy,needs_review,,botany,missing-or-unreadable-options|missing-correct-answer|ocr-review-required|answer-needs-review,[2451+ 12-5) = 16 উপযৃত্তটির উৎকেন্দ্রিকতা কত? | 70. WAS লসিকাগ্রন্থ ফুলে গেলে কোনটি হতে পারে? ওঃ ৈ ও) সাইনুমাইটিস ©) ওটাইটিস মিডিয়া ext pre vm— © awl ত্য,[]
previous_year,,,202,80,draft,easy,needs_review,,human-physiology,missing-or-unreadable-options|missing-correct-answer|ocr-review-required|answer-needs-review,"৯৩৭১২ ০9 এবং২ +১২+ nk By bm OTE | 71 AB গ্রুপের ব্যক্তিরা কোন কোন গ্রুপকে রক্ত দান করতে পারে? পরস্পরকে ARI স্পর্শ করলে ০ এর মান কত? নদ ০১৪৭৪ @-3% ®-21 ©B @21 টে AB (@A""B*,0*",[]
previous_year,,,202,72,draft,easy,needs_review,,cell-biology|human-physiology,missing-or-unreadable-options|missing-correct-answer|ocr-review-required|answer-needs-review,ER থেকে শর্করা তৈরিতে কোন A ভূমিকা পালন করে? ইনসুলিন 0) afr ৩6. কোনটিতে অয় ক্লিতেজ দেখা যায়? © ধুকাগন @ আযাজেনালিন (3) Chordata ©) Annelida 73. ফোনটিতে আমোগিট লার্জা পাওয়া যায়? © Mollusca (৫) Arthropoda শে য্যাগফিশ © 5া. ক্রোমোজমীয় নৃত্য কোন দশায় দেখা যায়? (9) প্রোফেজ (৮) খ্রো-মেটাফেজ (©) Fg @ আযাকটিনোপটেরিজি (0) মেটাফেজ (4) সবকটিতে 74. অস্তঃকোষীয় পরিপাকে সাহায্য করে কোনটি? ৩8. JRE দেহে কিউটিকন তৈরিতে কোন কোষ ভূমিকা পালন করে? (৩) রাইবোজোম © লাইসোজ্জোম (৯) পেশি-আবরণী কোষ,"[{""label"":""b"",""text"":""সংবেদী কোষ (©) সেন্দ্রিওল (৫) পারঅস্সিজোম (৩) সলায়ু কোষ (4)প্রন্থি কোষ 75. কোথায় পারঅস্সিজোম অধিক পরিমাণে থাকে?""}]"
previous_year,,,202,60,draft,easy,needs_review,,cell-biology,missing-or-unreadable-options|missing-correct-answer|ocr-review-required|answer-needs-review,“TEE Core স্তরে গবলেট কোষ থাকে? © (ee @ oT Rew 76. মায়োসিস-১ এর কোন পর্যায়ে বিকর্ষণ শুরু হয়? © সাবমিউকোসা ৫) যাসফিউদলারিস মিউকোসা © লেপ্টোটিন (৬) জাইগোটিন,[]
previous_year,,,202,61,draft,easy,needs_review,,botany|human-physiology,missing-or-unreadable-options|missing-correct-answer|ocr-review-required|answer-needs-review,"কোন হরমোনের অপর নাম প্যানক্রিওজাইমিন? (9) প্যাকাইটিন (এ) ডিপ্লোটিন শে mT ০) সিক্রেটিন 77. ০, উদ্ভিদ হলো- © এন্টেরেকাইনিন (৫) কোলেসিস্টোকাইনিন (8) Saccharum offcinaram (0) Mangifera indica",[]
